variant,variant_key,sequence,run_id,status,ATE_RMSE,RPE_translation_RMSE,RPE_rotation_RMSE,FPS,Pose_Missing_Ratio,Precision,Recall,F1,Trajectory_Smoothness,Switching_Frequency,Label_Fluctuation,Probability_Variance,Mean_Probability_Change,Temporal_Consistency_Score,ID_Switches,Average_Track_Length,Input_Frames,Valid_Poses,Total_Runtime_sec,run_dir
Baseline,baseline,fr3_walking_xyz,run_01,completed,1.0747648212213512,0.04227198206327038,0.847594613164076,7.983579,0.19709794437726724,nan,nan,nan,0.03446007615457531,0.0,0.0,nan,nan,1.0,nan,nan,827,664,103.587624,/home/djn/123/ORB_SLAM2_AddSemantic/experiment_new/independent_ablation_v3/runs/baseline/fr3_walking_xyz/run_01
Baseline,baseline,fr3_walking_xyz,run_02,completed,0.6852366645976872,0.028772996703787454,0.6809211940190241,10.134231,0.35429262394195893,nan,nan,nan,0.029063470101153954,0.0,0.0,nan,nan,1.0,nan,nan,827,534,81.604617,/home/djn/123/ORB_SLAM2_AddSemantic/experiment_new/independent_ablation_v3/runs/baseline/fr3_walking_xyz/run_02
Baseline,baseline,fr3_walking_xyz,run_03,completed,0.6871778121138266,0.028058048063859142,0.6073056450305444,15.138290,0.5235792019347038,nan,nan,nan,0.026374321258718487,0.0,0.0,nan,nan,1.0,nan,nan,827,394,54.629685,/home/djn/123/ORB_SLAM2_AddSemantic/experiment_new/independent_ablation_v3/runs/baseline/fr3_walking_xyz/run_03
Baseline,baseline,fr3_walking_rpy,run_01,completed,1.1240030668433585,0.09977356832161259,2.097159162077543,14.763908,0.04503464203233254,nan,nan,nan,0.028340624165415256,0.0,0.0,nan,nan,1.0,nan,nan,866,827,58.656557,/home/djn/123/ORB_SLAM2_AddSemantic/experiment_new/independent_ablation_v3/runs/baseline/fr3_walking_rpy/run_01
Baseline,baseline,fr3_walking_rpy,run_02,completed,1.1199156913252908,0.09384576325359875,1.951481284247023,16.702741,0.009237875288683584,nan,nan,nan,0.029642945958481305,0.0,0.0,nan,nan,1.0,nan,nan,866,858,51.847779,/home/djn/123/ORB_SLAM2_AddSemantic/experiment_new/independent_ablation_v3/runs/baseline/fr3_walking_rpy/run_02
Baseline,baseline,fr3_walking_rpy,run_03,completed,1.1773806472967259,0.027621846873658634,0.6586313045936713,14.991341,0.06235565819861433,nan,nan,nan,0.022502121432643865,0.0,0.0,nan,nan,1.0,nan,nan,866,812,57.766681,/home/djn/123/ORB_SLAM2_AddSemantic/experiment_new/independent_ablation_v3/runs/baseline/fr3_walking_rpy/run_03
Baseline,baseline,fr3_walking_halfsphere,run_01,completed,0.569759275868172,0.061523765640444414,1.4614924592531633,15.423396,0.11165523996082272,nan,nan,nan,0.024936919634255473,0.0,0.0,nan,nan,1.0,nan,nan,1021,907,66.198133,/home/djn/123/ORB_SLAM2_AddSemantic/experiment_new/independent_ablation_v3/runs/baseline/fr3_walking_halfsphere/run_01
Baseline,baseline,fr3_walking_halfsphere,run_02,completed,0.5132143391940273,0.09552723658878481,2.1375865628147803,17.799923,0.4593535749265426,nan,nan,nan,0.03446922017000491,0.0,0.0,nan,nan,1.0,nan,nan,1021,552,57.359799,/home/djn/123/ORB_SLAM2_AddSemantic/experiment_new/independent_ablation_v3/runs/baseline/fr3_walking_halfsphere/run_02
Baseline,baseline,fr3_walking_halfsphere,run_03,completed,0.6849793744661812,0.0516009049064233,1.0232961693209406,13.943588,0.247796278158668,nan,nan,nan,0.026395314145549364,0.0,0.0,nan,nan,1.0,nan,nan,1021,768,73.223621,/home/djn/123/ORB_SLAM2_AddSemantic/experiment_new/independent_ablation_v3/runs/baseline/fr3_walking_halfsphere/run_03
Semantic Mask,semantic_mask,fr3_walking_xyz,run_01,completed,0.7514239979973749,0.02118015882685366,0.5338397895671481,11.613973,0.0,nan,nan,nan,0.020271516233430986,0.01696969696969697,0.02676856126943693,nan,nan,0.9732314387305631,nan,nan,827,827,71.207329,/home/djn/123/ORB_SLAM2_AddSemantic/experiment_new/independent_ablation_v3/runs/semantic_mask/fr3_walking_xyz/run_01
Semantic Mask,semantic_mask,fr3_walking_xyz,run_02,completed,0.622181408937121,0.08127670339241576,1.4959653991826152,13.774546,0.12696493349455862,nan,nan,nan,0.02755489015632492,0.019417475728155338,0.026005037009507282,nan,nan,0.9739949629904927,nan,nan,827,722,60.038275,/home/djn/123/ORB_SLAM2_AddSemantic/experiment_new/independent_ablation_v3/runs/semantic_mask/fr3_walking_xyz/run_02
Semantic Mask,semantic_mask,fr3_walking_xyz,run_03,completed,0.5184622034765656,0.08878920374994441,1.7055768300931784,12.833077,0.20193470374848854,nan,nan,nan,0.0353059998182714,0.02118003025718608,0.025007903971320994,nan,nan,0.974992096028679,nan,nan,827,660,64.442844,/home/djn/123/ORB_SLAM2_AddSemantic/experiment_new/independent_ablation_v3/runs/semantic_mask/fr3_walking_xyz/run_03
Semantic Mask,semantic_mask,fr3_walking_rpy,run_01,completed,0.016764772567837146,0.017167962675807072,0.4259305576402874,12.455032,0.9595842956120092,nan,nan,nan,0.019541877855529244,0.0,0.05165820562698677,nan,nan,0.9483417943730132,nan,nan,866,35,69.530133,/home/djn/123/ORB_SLAM2_AddSemantic/experiment_new/independent_ablation_v3/runs/semantic_mask/fr3_walking_rpy/run_01
Semantic Mask,semantic_mask,fr3_walking_rpy,run_02,completed,0.7782719664401182,0.10881585165341345,2.253734735932183,13.927355,0.266743648960739,nan,nan,nan,0.036304335461294066,0.05642633228840126,0.049977053582919116,nan,nan,0.9500229464170808,nan,nan,866,635,62.179787,/home/djn/123/ORB_SLAM2_AddSemantic/experiment_new/independent_ablation_v3/runs/semantic_mask/fr3_walking_rpy/run_02
Semantic Mask,semantic_mask,fr3_walking_rpy,run_03,completed,0.7470801910649859,0.03126812897833804,0.6839359057848564,12.846666,0.5750577367205543,nan,nan,nan,0.02568808733556359,0.08423913043478261,0.04099227313303968,nan,nan,0.9590077268669603,nan,nan,866,368,67.410488,/home/djn/123/ORB_SLAM2_AddSemantic/experiment_new/independent_ablation_v3/runs/semantic_mask/fr3_walking_rpy/run_03
Semantic Mask,semantic_mask,fr3_walking_halfsphere,run_01,completed,0.6581979072715003,0.02077393079141475,0.5399054130495858,13.387834,0.015670910871694366,nan,nan,nan,0.019317896659316113,0.045816733067729085,0.04298112580004634,nan,nan,0.9570188741999537,nan,nan,1021,1005,76.263269,/home/djn/123/ORB_SLAM2_AddSemantic/experiment_new/independent_ablation_v3/runs/semantic_mask/fr3_walking_halfsphere/run_01
Semantic Mask,semantic_mask,fr3_walking_halfsphere,run_02,completed,0.49262065253418336,0.06673459166949834,1.2587947260778694,14.500353,0.2918707149853085,nan,nan,nan,0.029487060255007656,0.04689655172413793,0.040004277878783245,nan,nan,0.9599957221212168,nan,nan,1021,723,70.412081,/home/djn/123/ORB_SLAM2_AddSemantic/experiment_new/independent_ablation_v3/runs/semantic_mask/fr3_walking_halfsphere/run_02
Semantic Mask,semantic_mask,fr3_walking_halfsphere,run_03,completed,0.546066841418954,0.06635933879551276,1.2240786207813934,15.038968,0.45249755142017634,nan,nan,nan,0.0314099999584238,0.03935599284436494,0.03597923866682662,nan,nan,0.9640207613331734,nan,nan,1021,559,67.890297,/home/djn/123/ORB_SLAM2_AddSemantic/experiment_new/independent_ablation_v3/runs/semantic_mask/fr3_walking_halfsphere/run_03
Temporal Consistency,temporal_consistency,fr3_walking_xyz,run_01,completed,0.323609640799078,0.049229962589908166,1.009268899782058,12.965188,0.0,nan,nan,nan,0.031250889084120756,0.01696969696969697,0.026882814155541425,nan,nan,0.9731171858444586,nan,nan,827,827,63.786194,/home/djn/123/ORB_SLAM2_AddSemantic/experiment_new/independent_ablation_v3/runs/temporal_consistency/fr3_walking_xyz/run_01
Temporal Consistency,temporal_consistency,fr3_walking_xyz,run_02,completed,0.679993459325272,0.020809140691903157,0.5234832264253269,13.096910,0.0,nan,nan,nan,0.020604613456544126,0.01696969696969697,0.026972752514181714,nan,nan,0.9730272474858183,nan,nan,827,827,63.144668,/home/djn/123/ORB_SLAM2_AddSemantic/experiment_new/independent_ablation_v3/runs/temporal_consistency/fr3_walking_xyz/run_02
Temporal Consistency,temporal_consistency,fr3_walking_xyz,run_03,completed,0.5409058538088971,0.020811188315839554,0.5086925493961901,13.623204,0.0,nan,nan,nan,0.022648482721707566,0.01696969696969697,0.026747333227193124,nan,nan,0.9732526667728069,nan,nan,827,827,60.705249,/home/djn/123/ORB_SLAM2_AddSemantic/experiment_new/independent_ablation_v3/runs/temporal_consistency/fr3_walking_xyz/run_03
Temporal Consistency,temporal_consistency,fr3_walking_rpy,run_01,completed,0.0514723571711371,0.03770845687002764,0.8097331175083932,14.008319,0.9584295612009238,nan,nan,nan,0.029973572364600617,0.0,0.05132978723404255,nan,nan,0.9486702127659574,nan,nan,866,36,61.820407,/home/djn/123/ORB_SLAM2_AddSemantic/experiment_new/independent_ablation_v3/runs/temporal_consistency/fr3_walking_rpy/run_01
Temporal Consistency,temporal_consistency,fr3_walking_rpy,run_02,completed,0.05219924092336512,0.03432769964991996,0.7598591536379912,11.507780,0.9572748267898383,nan,nan,nan,0.02955032775869108,0.0,0.056144144144144155,nan,nan,0.9438558558558559,nan,nan,866,37,75.253435,/home/djn/123/ORB_SLAM2_AddSemantic/experiment_new/independent_ablation_v3/runs/temporal_consistency/fr3_walking_rpy/run_02
Temporal Consistency,temporal_consistency,fr3_walking_rpy,run_03,completed,0.013529703289077948,0.01354311061031836,0.39847148994372356,13.137883,0.9064665127020786,nan,nan,nan,0.029088798709278177,0.04819277108433735,0.04642467674092539,nan,nan,0.9535753232590746,nan,nan,866,81,65.916250,/home/djn/123/ORB_SLAM2_AddSemantic/experiment_new/independent_ablation_v3/runs/temporal_consistency/fr3_walking_rpy/run_03
Temporal Consistency,temporal_consistency,fr3_walking_halfsphere,run_01,completed,0.21901730027422253,0.028481766454520083,0.6749668342271463,11.681908,0.2017629774730656,nan,nan,nan,0.023650565900511147,0.051533742331288344,0.0439921923549686,nan,nan,0.9560078076450313,nan,nan,1021,815,87.400105,/home/djn/123/ORB_SLAM2_AddSemantic/experiment_new/independent_ablation_v3/runs/temporal_consistency/fr3_walking_halfsphere/run_01
Temporal Consistency,temporal_consistency,fr3_walking_halfsphere,run_02,completed,0.15465740081938076,0.03025540761803649,0.6576625318416188,13.795762,0.376101860920666,nan,nan,nan,0.02342494534483991,0.037383177570093455,0.03650631239572948,nan,nan,0.9634936876042706,nan,nan,1021,637,74.008236,/home/djn/123/ORB_SLAM2_AddSemantic/experiment_new/independent_ablation_v3/runs/temporal_consistency/fr3_walking_halfsphere/run_02
Temporal Consistency,temporal_consistency,fr3_walking_halfsphere,run_03,completed,0.14663747667377658,0.031115759381621002,0.6913204003640475,13.294734,0.38981390793339865,nan,nan,nan,0.023595964376507426,0.04472843450479233,0.03683854140959954,nan,nan,0.9631614585904005,nan,nan,1021,623,76.797327,/home/djn/123/ORB_SLAM2_AddSemantic/experiment_new/independent_ablation_v3/runs/temporal_consistency/fr3_walking_halfsphere/run_03
Object-level Semantic Map,object_level_map,fr3_walking_xyz,run_01,completed,0.5879861435652254,0.08607541482885032,1.4892426081853334,10.602626,0.11124546553808945,nan,nan,nan,0.027456082101836535,0.01907356948228883,0.02710022367584513,nan,nan,0.9728997763241549,nan,nan,827,735,77.999542,/home/djn/123/ORB_SLAM2_AddSemantic/experiment_new/independent_ablation_v3/runs/object_level_map/fr3_walking_xyz/run_01
Object-level Semantic Map,object_level_map,fr3_walking_xyz,run_02,completed,0.7466981976684756,0.0208718932723741,0.5267539636727144,10.061456,0.0,nan,nan,nan,0.020895443426473013,0.01696969696969697,0.026759049098076696,nan,nan,0.9732409509019233,nan,nan,827,827,82.194859,/home/djn/123/ORB_SLAM2_AddSemantic/experiment_new/independent_ablation_v3/runs/object_level_map/fr3_walking_xyz/run_02
Object-level Semantic Map,object_level_map,fr3_walking_xyz,run_03,completed,0.7921443239465452,0.021397020056069433,0.5341294263331854,11.268377,0.0,nan,nan,nan,0.02085240431093557,0.01696969696969697,0.026803647513240155,nan,nan,0.9731963524867598,nan,nan,827,827,73.391227,/home/djn/123/ORB_SLAM2_AddSemantic/experiment_new/independent_ablation_v3/runs/object_level_map/fr3_walking_xyz/run_03
Object-level Semantic Map,object_level_map,fr3_walking_rpy,run_01,completed,0.7687278534841744,0.11973837674447683,2.4490280579329142,13.576969,0.2967667436489607,nan,nan,nan,0.039308866175385815,0.05245901639344262,0.03860586434142715,nan,nan,0.9613941356585729,nan,nan,866,609,63.784485,/home/djn/123/ORB_SLAM2_AddSemantic/experiment_new/independent_ablation_v3/runs/object_level_map/fr3_walking_rpy/run_01
Object-level Semantic Map,object_level_map,fr3_walking_rpy,run_02,completed,0.8331977315525981,0.10037564203700722,2.137883373735676,12.232229,0.292147806004619,nan,nan,nan,0.03730685822241596,0.05203252032520325,0.04021035219949128,nan,nan,0.9597896478005087,nan,nan,866,613,70.796584,/home/djn/123/ORB_SLAM2_AddSemantic/experiment_new/independent_ablation_v3/runs/object_level_map/fr3_walking_rpy/run_02
Object-level Semantic Map,object_level_map,fr3_walking_rpy,run_03,completed,0.6888734903285669,0.11103572392209825,2.300166311042636,11.625715,0.2990762124711316,nan,nan,nan,0.03883079597287834,0.05592105263157895,0.05052105344429634,nan,nan,0.9494789465557036,nan,nan,866,607,74.490040,/home/djn/123/ORB_SLAM2_AddSemantic/experiment_new/independent_ablation_v3/runs/object_level_map/fr3_walking_rpy/run_03
Object-level Semantic Map,object_level_map,fr3_walking_halfsphere,run_01,completed,0.21359576912408504,0.024406008857404425,0.5567224967696311,12.007162,0.32419196865817823,nan,nan,nan,0.021639824299143948,0.04329004329004329,0.03858130173919647,nan,nan,0.9614186982608035,nan,nan,1021,690,85.032584,/home/djn/123/ORB_SLAM2_AddSemantic/experiment_new/independent_ablation_v3/runs/object_level_map/fr3_walking_halfsphere/run_01
Object-level Semantic Map,object_level_map,fr3_walking_halfsphere,run_02,completed,0.24193620605680521,0.028369497210606744,0.6219646521324704,13.379110,0.49069539666993145,nan,nan,nan,0.02465600980720035,0.0421455938697318,0.0361436045048815,nan,nan,0.9638563954951185,nan,nan,1021,520,76.312999,/home/djn/123/ORB_SLAM2_AddSemantic/experiment_new/independent_ablation_v3/runs/object_level_map/fr3_walking_halfsphere/run_02
Object-level Semantic Map,object_level_map,fr3_walking_halfsphere,run_03,completed,0.18442824521397622,0.0256773384488538,0.5993696534695898,12.058885,0.2664054848188051,nan,nan,nan,0.020944736457954107,0.050666666666666665,0.04215212922173275,nan,nan,0.9578478707782673,nan,nan,1021,749,84.667862,/home/djn/123/ORB_SLAM2_AddSemantic/experiment_new/independent_ablation_v3/runs/object_level_map/fr3_walking_halfsphere/run_03
Full Model,full_model,fr3_walking_xyz,run_01,completed,0.7090228348009235,0.021345242558523873,0.5213752776581809,11.024996,0.0,nan,nan,nan,0.022044036912950534,0.01696969696969697,0.026881540282154587,nan,nan,0.9731184597178454,nan,nan,827,827,75.011368,/home/djn/123/ORB_SLAM2_AddSemantic/experiment_new/independent_ablation_v3/runs/full_model/fr3_walking_xyz/run_01
Full Model,full_model,fr3_walking_xyz,run_02,completed,0.31708452487033084,0.034307669657372725,0.6987753204002997,10.573012,0.12575574365175335,nan,nan,nan,0.03452738050065889,0.01662049861495845,0.025017013486183137,nan,nan,0.9749829865138169,nan,nan,827,723,78.218016,/home/djn/123/ORB_SLAM2_AddSemantic/experiment_new/independent_ablation_v3/runs/full_model/fr3_walking_xyz/run_02
Full Model,full_model,fr3_walking_xyz,run_03,completed,0.7823055187057454,0.02286758792386105,0.5455243292662871,12.543872,0.0,nan,nan,nan,0.023463639699681755,0.01696969696969697,0.02699420969643969,nan,nan,0.9730057903035603,nan,nan,827,827,65.928604,/home/djn/123/ORB_SLAM2_AddSemantic/experiment_new/independent_ablation_v3/runs/full_model/fr3_walking_xyz/run_03
Full Model,full_model,fr3_walking_rpy,run_01,completed,0.014345726512190514,0.01112375035283925,0.3536734905209919,13.948093,0.9607390300230947,nan,nan,nan,0.014690327840250907,0.0,0.042845436288059244,nan,nan,0.9571545637119407,nan,nan,866,34,62.087343,/home/djn/123/ORB_SLAM2_AddSemantic/experiment_new/independent_ablation_v3/runs/full_model/fr3_walking_rpy/run_01
Full Model,full_model,fr3_walking_rpy,run_02,completed,0.015758005244488296,0.016861073819827026,0.3631594397656985,12.040528,0.9607390300230947,nan,nan,nan,0.017072319291079614,0.0,0.042529489276915924,nan,nan,0.9574705107230841,nan,nan,866,34,71.923756,/home/djn/123/ORB_SLAM2_AddSemantic/experiment_new/independent_ablation_v3/runs/full_model/fr3_walking_rpy/run_02
Full Model,full_model,fr3_walking_rpy,run_03,completed,0.03391238557978461,0.03157937414038011,0.7342659924833036,12.753596,0.9618937644341802,nan,nan,nan,0.01958489137811373,0.0,0.042055021046301856,nan,nan,0.9579449789536981,nan,nan,866,33,67.902419,/home/djn/123/ORB_SLAM2_AddSemantic/experiment_new/independent_ablation_v3/runs/full_model/fr3_walking_rpy/run_03
Full Model,full_model,fr3_walking_halfsphere,run_01,completed,0.12761214742285837,0.029779806258077003,0.7149509773450095,10.464723,0.4142997061704211,nan,nan,nan,0.023826132264696136,0.03672787979966611,0.03625804437659219,nan,nan,0.9637419556234078,nan,nan,1021,598,97.565888,/home/djn/123/ORB_SLAM2_AddSemantic/experiment_new/independent_ablation_v3/runs/full_model/fr3_walking_halfsphere/run_01
Full Model,full_model,fr3_walking_halfsphere,run_02,completed,0.19763848797703046,0.023671949929282714,0.5568900935203727,14.471937,0.3476983349657199,nan,nan,nan,0.02212029796399555,0.05697151424287856,0.043359060433047714,nan,nan,0.9566409395669523,nan,nan,1021,666,70.550336,/home/djn/123/ORB_SLAM2_AddSemantic/experiment_new/independent_ablation_v3/runs/full_model/fr3_walking_halfsphere/run_02
Full Model,full_model,fr3_walking_halfsphere,run_03,completed,0.19651347281631562,0.028042192299494128,0.5964331795966086,14.445068,0.38197845249755147,nan,nan,nan,0.022599854796696985,0.050473186119873815,0.039860450288158746,nan,nan,0.9601395497118412,nan,nan,1021,631,70.681562,/home/djn/123/ORB_SLAM2_AddSemantic/experiment_new/independent_ablation_v3/runs/full_model/fr3_walking_halfsphere/run_03
