method,sequence,run_id,selection_rule,frame_id,map_point_id,class_id,class,dynamic_hit,dynamic_score,dynamic_state,suppressed
Temporal,fr3_walking_xyz,run_01,most distinct observed frames among MapPoints ever dynamic; tie=smallest ID,1,254,3,person,0,0.000000000,0,0
Temporal,fr3_walking_xyz,run_01,most distinct observed frames among MapPoints ever dynamic; tie=smallest ID,2,254,3,person,0,0.000000000,0,0
Temporal,fr3_walking_xyz,run_01,most distinct observed frames among MapPoints ever dynamic; tie=smallest ID,3,254,3,person,0,0.000000000,0,0
Temporal,fr3_walking_xyz,run_01,most distinct observed frames among MapPoints ever dynamic; tie=smallest ID,4,254,3,person,0,0.000000000,0,0
Temporal,fr3_walking_xyz,run_01,most distinct observed frames among MapPoints ever dynamic; tie=smallest ID,5,254,3,person,0,0.000000000,0,0
Temporal,fr3_walking_xyz,run_01,most distinct observed frames among MapPoints ever dynamic; tie=smallest ID,6,254,3,person,0,0.000000000,0,0
Temporal,fr3_walking_xyz,run_01,most distinct observed frames among MapPoints ever dynamic; tie=smallest ID,7,254,3,person,0,0.000000000,0,0
Temporal,fr3_walking_xyz,run_01,most distinct observed frames among MapPoints ever dynamic; tie=smallest ID,8,254,3,person,0,0.000000000,0,0
Temporal,fr3_walking_xyz,run_01,most distinct observed frames among MapPoints ever dynamic; tie=smallest ID,9,254,3,person,0,0.000000000,0,0
Temporal,fr3_walking_xyz,run_01,most distinct observed frames among MapPoints ever dynamic; tie=smallest ID,10,254,3,person,0,0.000000000,0,0
Temporal,fr3_walking_xyz,run_01,most distinct observed frames among MapPoints ever dynamic; tie=smallest ID,11,254,3,person,0,0.000000000,0,0
Temporal,fr3_walking_xyz,run_01,most distinct observed frames among MapPoints ever dynamic; tie=smallest ID,12,254,3,person,0,0.000000000,0,0
Temporal,fr3_walking_xyz,run_01,most distinct observed frames among MapPoints ever dynamic; tie=smallest ID,13,254,3,person,0,0.000000000,0,0
Temporal,fr3_walking_xyz,run_01,most distinct observed frames among MapPoints ever dynamic; tie=smallest ID,14,254,3,person,0,0.000000000,0,0
Temporal,fr3_walking_xyz,run_01,most distinct observed frames among MapPoints ever dynamic; tie=smallest ID,15,254,3,person,0,0.000000000,0,0
Temporal,fr3_walking_xyz,run_01,most distinct observed frames among MapPoints ever dynamic; tie=smallest ID,16,254,3,person,0,0.000000000,0,0
Temporal,fr3_walking_xyz,run_01,most distinct observed frames among MapPoints ever dynamic; tie=smallest ID,17,254,3,person,0,0.000000000,0,0
Temporal,fr3_walking_xyz,run_01,most distinct observed frames among MapPoints ever dynamic; tie=smallest ID,18,254,3,person,0,0.000000000,0,0
Temporal,fr3_walking_xyz,run_01,most distinct observed frames among MapPoints ever dynamic; tie=smallest ID,19,254,3,person,0,0.000000000,0,0
Temporal,fr3_walking_xyz,run_01,most distinct observed frames among MapPoints ever dynamic; tie=smallest ID,20,254,3,person,0,0.000000000,0,0
Temporal,fr3_walking_xyz,run_01,most distinct observed frames among MapPoints ever dynamic; tie=smallest ID,21,254,3,person,0,0.000000000,0,0
Temporal,fr3_walking_xyz,run_01,most distinct observed frames among MapPoints ever dynamic; tie=smallest ID,22,254,3,person,0,0.000000000,0,0
Temporal,fr3_walking_xyz,run_01,most distinct observed frames among MapPoints ever dynamic; tie=smallest ID,23,254,3,person,0,0.000000000,0,0
Temporal,fr3_walking_xyz,run_01,most distinct observed frames among MapPoints ever dynamic; tie=smallest ID,24,254,3,person,0,0.000000000,0,0
Temporal,fr3_walking_xyz,run_01,most distinct observed frames among MapPoints ever dynamic; tie=smallest ID,25,254,3,person,0,0.000000000,0,0
Temporal,fr3_walking_xyz,run_01,most distinct observed frames among MapPoints ever dynamic; tie=smallest ID,26,254,3,person,0,0.000000000,0,0
Temporal,fr3_walking_xyz,run_01,most distinct observed frames among MapPoints ever dynamic; tie=smallest ID,27,254,3,person,0,0.000000000,0,0
Temporal,fr3_walking_xyz,run_01,most distinct observed frames among MapPoints ever dynamic; tie=smallest ID,28,254,3,person,0,0.000000000,0,0
Temporal,fr3_walking_xyz,run_01,most distinct observed frames among MapPoints ever dynamic; tie=smallest ID,29,254,3,person,0,0.000000000,0,0
Temporal,fr3_walking_xyz,run_01,most distinct observed frames among MapPoints ever dynamic; tie=smallest ID,30,254,3,person,0,0.000000000,0,0
Temporal,fr3_walking_xyz,run_01,most distinct observed frames among MapPoints ever dynamic; tie=smallest ID,31,254,3,person,0,0.000000000,0,0
Temporal,fr3_walking_xyz,run_01,most distinct observed frames among MapPoints ever dynamic; tie=smallest ID,32,254,3,person,0,0.000000000,0,0
Temporal,fr3_walking_xyz,run_01,most distinct observed frames among MapPoints ever dynamic; tie=smallest ID,33,254,3,person,0,0.000000000,0,0
Temporal,fr3_walking_xyz,run_01,most distinct observed frames among MapPoints ever dynamic; tie=smallest ID,34,254,3,person,0,0.000000000,0,0
Temporal,fr3_walking_xyz,run_01,most distinct observed frames among MapPoints ever dynamic; tie=smallest ID,35,254,3,person,0,0.000000000,0,0
Temporal,fr3_walking_xyz,run_01,most distinct observed frames among MapPoints ever dynamic; tie=smallest ID,36,254,3,person,0,0.000000000,0,0
Temporal,fr3_walking_xyz,run_01,most distinct observed frames among MapPoints ever dynamic; tie=smallest ID,37,254,3,person,0,0.000000000,0,0
Temporal,fr3_walking_xyz,run_01,most distinct observed frames among MapPoints ever dynamic; tie=smallest ID,38,254,3,person,0,0.000000000,0,0
Temporal,fr3_walking_xyz,run_01,most distinct observed frames among MapPoints ever dynamic; tie=smallest ID,39,254,3,person,0,0.000000000,0,0
Temporal,fr3_walking_xyz,run_01,most distinct observed frames among MapPoints ever dynamic; tie=smallest ID,40,254,3,person,0,0.000000000,0,0
Temporal,fr3_walking_xyz,run_01,most distinct observed frames among MapPoints ever dynamic; tie=smallest ID,41,254,3,person,0,0.000000000,0,0
Temporal,fr3_walking_xyz,run_01,most distinct observed frames among MapPoints ever dynamic; tie=smallest ID,42,254,3,person,0,0.000000000,0,0
Temporal,fr3_walking_xyz,run_01,most distinct observed frames among MapPoints ever dynamic; tie=smallest ID,43,254,3,person,0,0.000000000,0,0
Temporal,fr3_walking_xyz,run_01,most distinct observed frames among MapPoints ever dynamic; tie=smallest ID,44,254,3,person,0,0.000000000,0,0
Temporal,fr3_walking_xyz,run_01,most distinct observed frames among MapPoints ever dynamic; tie=smallest ID,45,254,3,person,0,0.000000000,0,0
Temporal,fr3_walking_xyz,run_01,most distinct observed frames among MapPoints ever dynamic; tie=smallest ID,46,254,3,person,0,0.000000000,0,0
Temporal,fr3_walking_xyz,run_01,most distinct observed frames among MapPoints ever dynamic; tie=smallest ID,47,254,3,person,0,0.000000000,0,0
Temporal,fr3_walking_xyz,run_01,most distinct observed frames among MapPoints ever dynamic; tie=smallest ID,48,254,3,person,0,0.000000000,0,0
Temporal,fr3_walking_xyz,run_01,most distinct observed frames among MapPoints ever dynamic; tie=smallest ID,49,254,3,person,0,0.000000000,0,0
Temporal,fr3_walking_xyz,run_01,most distinct observed frames among MapPoints ever dynamic; tie=smallest ID,50,254,3,person,0,0.000000000,0,0
Temporal,fr3_walking_xyz,run_01,most distinct observed frames among MapPoints ever dynamic; tie=smallest ID,51,254,3,person,0,0.000000000,0,0
Temporal,fr3_walking_xyz,run_01,most distinct observed frames among MapPoints ever dynamic; tie=smallest ID,52,254,3,person,0,0.000000000,0,0
Temporal,fr3_walking_xyz,run_01,most distinct observed frames among MapPoints ever dynamic; tie=smallest ID,53,254,3,person,0,0.000000000,0,0
Temporal,fr3_walking_xyz,run_01,most distinct observed frames among MapPoints ever dynamic; tie=smallest ID,54,254,3,person,0,0.000000000,0,0
Temporal,fr3_walking_xyz,run_01,most distinct observed frames among MapPoints ever dynamic; tie=smallest ID,55,254,3,person,0,0.000000000,0,0
Temporal,fr3_walking_xyz,run_01,most distinct observed frames among MapPoints ever dynamic; tie=smallest ID,56,254,3,person,0,0.000000000,0,0
Temporal,fr3_walking_xyz,run_01,most distinct observed frames among MapPoints ever dynamic; tie=smallest ID,57,254,3,person,0,0.000000000,0,0
Temporal,fr3_walking_xyz,run_01,most distinct observed frames among MapPoints ever dynamic; tie=smallest ID,58,254,3,person,0,0.000000000,0,0
Temporal,fr3_walking_xyz,run_01,most distinct observed frames among MapPoints ever dynamic; tie=smallest ID,59,254,3,person,0,0.000000000,0,0
Temporal,fr3_walking_xyz,run_01,most distinct observed frames among MapPoints ever dynamic; tie=smallest ID,60,254,3,person,0,0.000000000,0,0
Temporal,fr3_walking_xyz,run_01,most distinct observed frames among MapPoints ever dynamic; tie=smallest ID,61,254,3,person,0,0.000000000,0,0
Temporal,fr3_walking_xyz,run_01,most distinct observed frames among MapPoints ever dynamic; tie=smallest ID,62,254,3,person,0,0.000000000,0,0
Temporal,fr3_walking_xyz,run_01,most distinct observed frames among MapPoints ever dynamic; tie=smallest ID,63,254,3,person,0,0.000000000,0,0
Temporal,fr3_walking_xyz,run_01,most distinct observed frames among MapPoints ever dynamic; tie=smallest ID,64,254,3,person,0,0.000000000,0,0
Temporal,fr3_walking_xyz,run_01,most distinct observed frames among MapPoints ever dynamic; tie=smallest ID,65,254,3,person,0,0.000000000,0,0
Temporal,fr3_walking_xyz,run_01,most distinct observed frames among MapPoints ever dynamic; tie=smallest ID,66,254,3,person,0,0.000000000,0,0
Temporal,fr3_walking_xyz,run_01,most distinct observed frames among MapPoints ever dynamic; tie=smallest ID,67,254,3,person,0,0.000000000,0,0
Temporal,fr3_walking_xyz,run_01,most distinct observed frames among MapPoints ever dynamic; tie=smallest ID,68,254,3,person,0,0.000000000,0,0
Temporal,fr3_walking_xyz,run_01,most distinct observed frames among MapPoints ever dynamic; tie=smallest ID,69,254,3,person,0,0.000000000,0,0
Temporal,fr3_walking_xyz,run_01,most distinct observed frames among MapPoints ever dynamic; tie=smallest ID,70,254,3,person,0,0.000000000,0,0
Temporal,fr3_walking_xyz,run_01,most distinct observed frames among MapPoints ever dynamic; tie=smallest ID,71,254,3,person,0,0.000000000,0,0
Temporal,fr3_walking_xyz,run_01,most distinct observed frames among MapPoints ever dynamic; tie=smallest ID,72,254,3,person,0,0.000000000,0,0
Temporal,fr3_walking_xyz,run_01,most distinct observed frames among MapPoints ever dynamic; tie=smallest ID,73,254,3,person,0,0.000000000,0,0
Temporal,fr3_walking_xyz,run_01,most distinct observed frames among MapPoints ever dynamic; tie=smallest ID,74,254,3,person,0,0.000000000,0,0
Temporal,fr3_walking_xyz,run_01,most distinct observed frames among MapPoints ever dynamic; tie=smallest ID,75,254,3,person,0,0.000000000,0,0
Temporal,fr3_walking_xyz,run_01,most distinct observed frames among MapPoints ever dynamic; tie=smallest ID,76,254,3,person,0,0.000000000,0,0
Temporal,fr3_walking_xyz,run_01,most distinct observed frames among MapPoints ever dynamic; tie=smallest ID,77,254,3,person,0,0.000000000,0,0
Temporal,fr3_walking_xyz,run_01,most distinct observed frames among MapPoints ever dynamic; tie=smallest ID,78,254,3,person,0,0.000000000,0,0
Temporal,fr3_walking_xyz,run_01,most distinct observed frames among MapPoints ever dynamic; tie=smallest ID,79,254,3,person,0,0.000000000,0,0
Temporal,fr3_walking_xyz,run_01,most distinct observed frames among MapPoints ever dynamic; tie=smallest ID,80,254,3,person,0,0.000000000,0,0
Temporal,fr3_walking_xyz,run_01,most distinct observed frames among MapPoints ever dynamic; tie=smallest ID,81,254,3,person,0,0.000000000,0,0
Temporal,fr3_walking_xyz,run_01,most distinct observed frames among MapPoints ever dynamic; tie=smallest ID,82,254,3,person,0,0.000000000,0,0
Temporal,fr3_walking_xyz,run_01,most distinct observed frames among MapPoints ever dynamic; tie=smallest ID,83,254,3,person,0,0.000000000,0,0
Temporal,fr3_walking_xyz,run_01,most distinct observed frames among MapPoints ever dynamic; tie=smallest ID,84,254,3,person,0,0.000000000,0,0
Temporal,fr3_walking_xyz,run_01,most distinct observed frames among MapPoints ever dynamic; tie=smallest ID,85,254,3,person,0,0.000000000,0,0
Temporal,fr3_walking_xyz,run_01,most distinct observed frames among MapPoints ever dynamic; tie=smallest ID,86,254,3,person,0,0.000000000,0,0
Temporal,fr3_walking_xyz,run_01,most distinct observed frames among MapPoints ever dynamic; tie=smallest ID,87,254,3,person,0,0.000000000,0,0
Temporal,fr3_walking_xyz,run_01,most distinct observed frames among MapPoints ever dynamic; tie=smallest ID,88,254,3,person,0,0.000000000,0,0
Temporal,fr3_walking_xyz,run_01,most distinct observed frames among MapPoints ever dynamic; tie=smallest ID,89,254,3,person,0,0.000000000,0,0
Temporal,fr3_walking_xyz,run_01,most distinct observed frames among MapPoints ever dynamic; tie=smallest ID,90,254,3,person,0,0.000000000,0,0
Temporal,fr3_walking_xyz,run_01,most distinct observed frames among MapPoints ever dynamic; tie=smallest ID,91,254,3,person,0,0.000000000,0,0
Temporal,fr3_walking_xyz,run_01,most distinct observed frames among MapPoints ever dynamic; tie=smallest ID,92,254,3,person,0,0.000000000,0,0
Temporal,fr3_walking_xyz,run_01,most distinct observed frames among MapPoints ever dynamic; tie=smallest ID,93,254,3,person,0,0.000000000,0,0
Temporal,fr3_walking_xyz,run_01,most distinct observed frames among MapPoints ever dynamic; tie=smallest ID,94,254,3,person,0,0.000000000,0,0
Temporal,fr3_walking_xyz,run_01,most distinct observed frames among MapPoints ever dynamic; tie=smallest ID,95,254,3,person,0,0.000000000,0,0
Temporal,fr3_walking_xyz,run_01,most distinct observed frames among MapPoints ever dynamic; tie=smallest ID,96,254,3,person,0,0.000000000,0,0
Temporal,fr3_walking_xyz,run_01,most distinct observed frames among MapPoints ever dynamic; tie=smallest ID,97,254,3,person,0,0.000000000,0,0
Temporal,fr3_walking_xyz,run_01,most distinct observed frames among MapPoints ever dynamic; tie=smallest ID,98,254,3,person,0,0.000000000,0,0
Temporal,fr3_walking_xyz,run_01,most distinct observed frames among MapPoints ever dynamic; tie=smallest ID,99,254,3,person,0,0.000000000,0,0
Temporal,fr3_walking_xyz,run_01,most distinct observed frames among MapPoints ever dynamic; tie=smallest ID,100,254,3,person,0,0.000000000,0,0
Temporal,fr3_walking_xyz,run_01,most distinct observed frames among MapPoints ever dynamic; tie=smallest ID,101,254,3,person,0,0.000000000,0,0
Temporal,fr3_walking_xyz,run_01,most distinct observed frames among MapPoints ever dynamic; tie=smallest ID,102,254,3,person,0,0.000000000,0,0
Temporal,fr3_walking_xyz,run_01,most distinct observed frames among MapPoints ever dynamic; tie=smallest ID,103,254,3,person,0,0.000000000,0,0
Temporal,fr3_walking_xyz,run_01,most distinct observed frames among MapPoints ever dynamic; tie=smallest ID,104,254,3,person,0,0.000000000,0,0
Temporal,fr3_walking_xyz,run_01,most distinct observed frames among MapPoints ever dynamic; tie=smallest ID,105,254,3,person,0,0.000000000,0,0
Temporal,fr3_walking_xyz,run_01,most distinct observed frames among MapPoints ever dynamic; tie=smallest ID,106,254,3,person,0,0.000000000,0,0
Temporal,fr3_walking_xyz,run_01,most distinct observed frames among MapPoints ever dynamic; tie=smallest ID,107,254,3,person,0,0.000000000,0,0
Temporal,fr3_walking_xyz,run_01,most distinct observed frames among MapPoints ever dynamic; tie=smallest ID,108,254,3,person,0,0.000000000,0,0
Temporal,fr3_walking_xyz,run_01,most distinct observed frames among MapPoints ever dynamic; tie=smallest ID,109,254,3,person,0,0.000000000,0,0
Temporal,fr3_walking_xyz,run_01,most distinct observed frames among MapPoints ever dynamic; tie=smallest ID,110,254,3,person,0,0.000000000,0,0
Temporal,fr3_walking_xyz,run_01,most distinct observed frames among MapPoints ever dynamic; tie=smallest ID,111,254,3,person,0,0.000000000,0,0
Temporal,fr3_walking_xyz,run_01,most distinct observed frames among MapPoints ever dynamic; tie=smallest ID,112,254,3,person,0,0.000000000,0,0
Temporal,fr3_walking_xyz,run_01,most distinct observed frames among MapPoints ever dynamic; tie=smallest ID,113,254,3,person,0,0.000000000,0,0
Temporal,fr3_walking_xyz,run_01,most distinct observed frames among MapPoints ever dynamic; tie=smallest ID,114,254,3,person,0,0.000000000,0,0
Temporal,fr3_walking_xyz,run_01,most distinct observed frames among MapPoints ever dynamic; tie=smallest ID,115,254,3,person,0,0.000000000,0,0
Temporal,fr3_walking_xyz,run_01,most distinct observed frames among MapPoints ever dynamic; tie=smallest ID,116,254,3,person,0,0.000000000,0,0
Temporal,fr3_walking_xyz,run_01,most distinct observed frames among MapPoints ever dynamic; tie=smallest ID,117,254,3,person,0,0.000000000,0,0
Temporal,fr3_walking_xyz,run_01,most distinct observed frames among MapPoints ever dynamic; tie=smallest ID,118,254,3,person,0,0.000000000,0,0
Temporal,fr3_walking_xyz,run_01,most distinct observed frames among MapPoints ever dynamic; tie=smallest ID,119,254,3,person,0,0.000000000,0,0
Temporal,fr3_walking_xyz,run_01,most distinct observed frames among MapPoints ever dynamic; tie=smallest ID,120,254,3,person,0,0.000000000,0,0
Temporal,fr3_walking_xyz,run_01,most distinct observed frames among MapPoints ever dynamic; tie=smallest ID,121,254,3,person,0,0.000000000,0,0
Temporal,fr3_walking_xyz,run_01,most distinct observed frames among MapPoints ever dynamic; tie=smallest ID,122,254,3,person,0,0.000000000,0,0
Temporal,fr3_walking_xyz,run_01,most distinct observed frames among MapPoints ever dynamic; tie=smallest ID,123,254,3,person,0,0.000000000,0,0
Temporal,fr3_walking_xyz,run_01,most distinct observed frames among MapPoints ever dynamic; tie=smallest ID,124,254,3,person,0,0.000000000,0,0
Temporal,fr3_walking_xyz,run_01,most distinct observed frames among MapPoints ever dynamic; tie=smallest ID,125,254,3,person,0,0.000000000,0,0
Temporal,fr3_walking_xyz,run_01,most distinct observed frames among MapPoints ever dynamic; tie=smallest ID,126,254,3,person,0,0.000000000,0,0
Temporal,fr3_walking_xyz,run_01,most distinct observed frames among MapPoints ever dynamic; tie=smallest ID,127,254,3,person,0,0.000000000,0,0
Temporal,fr3_walking_xyz,run_01,most distinct observed frames among MapPoints ever dynamic; tie=smallest ID,128,254,3,person,0,0.000000000,0,0
Temporal,fr3_walking_xyz,run_01,most distinct observed frames among MapPoints ever dynamic; tie=smallest ID,129,254,3,person,0,0.000000000,0,0
Temporal,fr3_walking_xyz,run_01,most distinct observed frames among MapPoints ever dynamic; tie=smallest ID,130,254,3,person,0,0.000000000,0,0
Temporal,fr3_walking_xyz,run_01,most distinct observed frames among MapPoints ever dynamic; tie=smallest ID,131,254,3,person,0,0.000000000,0,0
Temporal,fr3_walking_xyz,run_01,most distinct observed frames among MapPoints ever dynamic; tie=smallest ID,132,254,3,person,0,0.000000000,0,0
Temporal,fr3_walking_xyz,run_01,most distinct observed frames among MapPoints ever dynamic; tie=smallest ID,133,254,3,person,0,0.000000000,0,0
Temporal,fr3_walking_xyz,run_01,most distinct observed frames among MapPoints ever dynamic; tie=smallest ID,134,254,3,person,0,0.000000000,0,0
Temporal,fr3_walking_xyz,run_01,most distinct observed frames among MapPoints ever dynamic; tie=smallest ID,135,254,3,person,0,0.000000000,0,0
Temporal,fr3_walking_xyz,run_01,most distinct observed frames among MapPoints ever dynamic; tie=smallest ID,136,254,3,person,0,0.000000000,0,0
Temporal,fr3_walking_xyz,run_01,most distinct observed frames among MapPoints ever dynamic; tie=smallest ID,137,254,3,person,0,0.000000000,0,0
Temporal,fr3_walking_xyz,run_01,most distinct observed frames among MapPoints ever dynamic; tie=smallest ID,138,254,3,person,0,0.000000000,0,0
Temporal,fr3_walking_xyz,run_01,most distinct observed frames among MapPoints ever dynamic; tie=smallest ID,139,254,3,person,0,0.000000000,0,0
Temporal,fr3_walking_xyz,run_01,most distinct observed frames among MapPoints ever dynamic; tie=smallest ID,140,254,3,person,0,0.000000000,0,0
Temporal,fr3_walking_xyz,run_01,most distinct observed frames among MapPoints ever dynamic; tie=smallest ID,141,254,3,person,0,0.000000000,0,0
Temporal,fr3_walking_xyz,run_01,most distinct observed frames among MapPoints ever dynamic; tie=smallest ID,142,254,3,person,0,0.000000000,0,0
Temporal,fr3_walking_xyz,run_01,most distinct observed frames among MapPoints ever dynamic; tie=smallest ID,143,254,3,person,0,0.000000000,0,0
Temporal,fr3_walking_xyz,run_01,most distinct observed frames among MapPoints ever dynamic; tie=smallest ID,144,254,3,person,0,0.000000000,0,0
Temporal,fr3_walking_xyz,run_01,most distinct observed frames among MapPoints ever dynamic; tie=smallest ID,145,254,3,person,0,0.000000000,0,0
Temporal,fr3_walking_xyz,run_01,most distinct observed frames among MapPoints ever dynamic; tie=smallest ID,146,254,3,person,0,0.000000000,0,0
Temporal,fr3_walking_xyz,run_01,most distinct observed frames among MapPoints ever dynamic; tie=smallest ID,147,254,3,person,0,0.000000000,0,0
Temporal,fr3_walking_xyz,run_01,most distinct observed frames among MapPoints ever dynamic; tie=smallest ID,148,254,3,person,0,0.000000000,0,0
Temporal,fr3_walking_xyz,run_01,most distinct observed frames among MapPoints ever dynamic; tie=smallest ID,149,254,3,person,0,0.000000000,0,0
Temporal,fr3_walking_xyz,run_01,most distinct observed frames among MapPoints ever dynamic; tie=smallest ID,150,254,3,person,0,0.000000000,0,0
Temporal,fr3_walking_xyz,run_01,most distinct observed frames among MapPoints ever dynamic; tie=smallest ID,151,254,3,person,0,0.000000000,0,0
Temporal,fr3_walking_xyz,run_01,most distinct observed frames among MapPoints ever dynamic; tie=smallest ID,152,254,3,person,0,0.000000000,0,0
Temporal,fr3_walking_xyz,run_01,most distinct observed frames among MapPoints ever dynamic; tie=smallest ID,153,254,3,person,0,0.000000000,0,0
Temporal,fr3_walking_xyz,run_01,most distinct observed frames among MapPoints ever dynamic; tie=smallest ID,154,254,3,person,0,0.000000000,0,0
Temporal,fr3_walking_xyz,run_01,most distinct observed frames among MapPoints ever dynamic; tie=smallest ID,155,254,3,person,0,0.000000000,0,0
Temporal,fr3_walking_xyz,run_01,most distinct observed frames among MapPoints ever dynamic; tie=smallest ID,156,254,3,person,0,0.000000000,0,0
Temporal,fr3_walking_xyz,run_01,most distinct observed frames among MapPoints ever dynamic; tie=smallest ID,157,254,3,person,0,0.000000000,0,0
Temporal,fr3_walking_xyz,run_01,most distinct observed frames among MapPoints ever dynamic; tie=smallest ID,158,254,3,person,0,0.000000000,0,0
Temporal,fr3_walking_xyz,run_01,most distinct observed frames among MapPoints ever dynamic; tie=smallest ID,159,254,3,person,0,0.000000000,0,0
Temporal,fr3_walking_xyz,run_01,most distinct observed frames among MapPoints ever dynamic; tie=smallest ID,162,254,3,person,0,0.000000000,0,0
Temporal,fr3_walking_xyz,run_01,most distinct observed frames among MapPoints ever dynamic; tie=smallest ID,163,254,3,person,0,0.000000000,0,0
Temporal,fr3_walking_xyz,run_01,most distinct observed frames among MapPoints ever dynamic; tie=smallest ID,164,254,3,person,0,0.000000000,0,0
Temporal,fr3_walking_xyz,run_01,most distinct observed frames among MapPoints ever dynamic; tie=smallest ID,165,254,3,person,0,0.000000000,0,0
Temporal,fr3_walking_xyz,run_01,most distinct observed frames among MapPoints ever dynamic; tie=smallest ID,166,254,3,person,0,0.000000000,0,0
Temporal,fr3_walking_xyz,run_01,most distinct observed frames among MapPoints ever dynamic; tie=smallest ID,200,254,3,person,1,3.000000000,1,1
Temporal,fr3_walking_xyz,run_01,most distinct observed frames among MapPoints ever dynamic; tie=smallest ID,201,254,3,person,1,5.550000000,1,1
Temporal,fr3_walking_xyz,run_01,most distinct observed frames among MapPoints ever dynamic; tie=smallest ID,202,254,3,person,1,7.717500000,1,1
Temporal,fr3_walking_xyz,run_01,most distinct observed frames among MapPoints ever dynamic; tie=smallest ID,203,254,3,person,1,9.559880000,1,1
Temporal,fr3_walking_xyz,run_01,most distinct observed frames among MapPoints ever dynamic; tie=smallest ID,204,254,3,person,1,11.125900000,1,1
Temporal,fr3_walking_xyz,run_01,most distinct observed frames among MapPoints ever dynamic; tie=smallest ID,205,254,3,person,1,12.457000000,1,1
Temporal,fr3_walking_xyz,run_01,most distinct observed frames among MapPoints ever dynamic; tie=smallest ID,206,254,3,person,1,13.588500000,1,1
Temporal,fr3_walking_xyz,run_01,most distinct observed frames among MapPoints ever dynamic; tie=smallest ID,207,254,3,person,1,14.550200000,1,1
Temporal,fr3_walking_xyz,run_01,most distinct observed frames among MapPoints ever dynamic; tie=smallest ID,208,254,3,person,0,13.131500000,1,1
Temporal,fr3_walking_xyz,run_01,most distinct observed frames among MapPoints ever dynamic; tie=smallest ID,209,254,3,person,0,11.851200000,1,1
Temporal,fr3_walking_xyz,run_01,most distinct observed frames among MapPoints ever dynamic; tie=smallest ID,210,254,3,person,0,10.695700000,1,1
Temporal,fr3_walking_xyz,run_01,most distinct observed frames among MapPoints ever dynamic; tie=smallest ID,211,254,3,person,0,9.652890000,1,1
Temporal,fr3_walking_xyz,run_01,most distinct observed frames among MapPoints ever dynamic; tie=smallest ID,212,254,3,person,0,8.711740000,1,1
Temporal,fr3_walking_xyz,run_01,most distinct observed frames among MapPoints ever dynamic; tie=smallest ID,213,254,3,person,0,7.862340000,1,1
Temporal,fr3_walking_xyz,run_01,most distinct observed frames among MapPoints ever dynamic; tie=smallest ID,214,254,3,person,0,7.095760000,1,1
Temporal,fr3_walking_xyz,run_01,most distinct observed frames among MapPoints ever dynamic; tie=smallest ID,215,254,3,person,0,6.403930000,1,1
Temporal,fr3_walking_xyz,run_01,most distinct observed frames among MapPoints ever dynamic; tie=smallest ID,216,254,3,person,0,5.779540000,1,1
Temporal,fr3_walking_xyz,run_01,most distinct observed frames among MapPoints ever dynamic; tie=smallest ID,217,254,3,person,0,5.216040000,1,1
Temporal,fr3_walking_xyz,run_01,most distinct observed frames among MapPoints ever dynamic; tie=smallest ID,218,254,3,person,0,4.707470000,1,1
Temporal,fr3_walking_xyz,run_01,most distinct observed frames among MapPoints ever dynamic; tie=smallest ID,219,254,3,person,0,4.248500000,1,1
Temporal,fr3_walking_xyz,run_01,most distinct observed frames among MapPoints ever dynamic; tie=smallest ID,220,254,3,person,0,3.834270000,1,1
Temporal,fr3_walking_xyz,run_01,most distinct observed frames among MapPoints ever dynamic; tie=smallest ID,221,254,3,person,0,3.460430000,1,1
Temporal,fr3_walking_xyz,run_01,most distinct observed frames among MapPoints ever dynamic; tie=smallest ID,222,254,3,person,0,3.123030000,1,1
Temporal,fr3_walking_xyz,run_01,most distinct observed frames among MapPoints ever dynamic; tie=smallest ID,223,254,3,person,0,2.818540000,0,0
Temporal,fr3_walking_xyz,run_01,most distinct observed frames among MapPoints ever dynamic; tie=smallest ID,224,254,3,person,0,2.543730000,0,0
Temporal,fr3_walking_xyz,run_01,most distinct observed frames among MapPoints ever dynamic; tie=smallest ID,225,254,3,person,0,2.295720000,0,0
Temporal,fr3_walking_xyz,run_01,most distinct observed frames among MapPoints ever dynamic; tie=smallest ID,226,254,3,person,0,2.071880000,0,0
Temporal,fr3_walking_xyz,run_01,most distinct observed frames among MapPoints ever dynamic; tie=smallest ID,227,254,3,person,0,1.869880000,0,0
Temporal,fr3_walking_xyz,run_01,most distinct observed frames among MapPoints ever dynamic; tie=smallest ID,228,254,3,person,0,1.687560000,0,0
Temporal,fr3_walking_xyz,run_01,most distinct observed frames among MapPoints ever dynamic; tie=smallest ID,229,254,3,person,0,1.523030000,0,0
Temporal,fr3_walking_xyz,run_01,most distinct observed frames among MapPoints ever dynamic; tie=smallest ID,230,254,3,person,0,1.374530000,0,0
Temporal,fr3_walking_xyz,run_01,most distinct observed frames among MapPoints ever dynamic; tie=smallest ID,231,254,3,person,0,1.240510000,0,0
Temporal,fr3_walking_xyz,run_01,most distinct observed frames among MapPoints ever dynamic; tie=smallest ID,232,254,3,person,0,1.119560000,0,0
Temporal,fr3_walking_xyz,run_01,most distinct observed frames among MapPoints ever dynamic; tie=smallest ID,233,254,3,person,0,1.010410000,0,0
Temporal,fr3_walking_xyz,run_01,most distinct observed frames among MapPoints ever dynamic; tie=smallest ID,234,254,3,person,0,0.911891000,0,0
Temporal,fr3_walking_xyz,run_01,most distinct observed frames among MapPoints ever dynamic; tie=smallest ID,235,254,3,person,0,0.822982000,0,0
Temporal,fr3_walking_xyz,run_01,most distinct observed frames among MapPoints ever dynamic; tie=smallest ID,236,254,3,person,0,0.742741000,0,0
Temporal,fr3_walking_xyz,run_01,most distinct observed frames among MapPoints ever dynamic; tie=smallest ID,237,254,3,person,0,0.670324000,0,0
Temporal,fr3_walking_xyz,run_01,most distinct observed frames among MapPoints ever dynamic; tie=smallest ID,238,254,3,person,0,0.604967000,0,0
Temporal,fr3_walking_xyz,run_01,most distinct observed frames among MapPoints ever dynamic; tie=smallest ID,239,254,3,person,0,0.545983000,0,0
Temporal,fr3_walking_xyz,run_01,most distinct observed frames among MapPoints ever dynamic; tie=smallest ID,240,254,3,person,0,0.492750000,0,0
Temporal,fr3_walking_xyz,run_01,most distinct observed frames among MapPoints ever dynamic; tie=smallest ID,241,254,3,person,0,0.444707000,0,0
Temporal,fr3_walking_xyz,run_01,most distinct observed frames among MapPoints ever dynamic; tie=smallest ID,242,254,3,person,0,0.401348000,0,0
Temporal,fr3_walking_xyz,run_01,most distinct observed frames among MapPoints ever dynamic; tie=smallest ID,243,254,3,person,0,0.362216000,0,0
Temporal,fr3_walking_xyz,run_01,most distinct observed frames among MapPoints ever dynamic; tie=smallest ID,244,254,3,person,0,0.326900000,0,0
Temporal,fr3_walking_xyz,run_01,most distinct observed frames among MapPoints ever dynamic; tie=smallest ID,245,254,3,person,0,0.295027000,0,0
Temporal,fr3_walking_xyz,run_01,most distinct observed frames among MapPoints ever dynamic; tie=smallest ID,246,254,3,person,0,0.266262000,0,0
Temporal,fr3_walking_xyz,run_01,most distinct observed frames among MapPoints ever dynamic; tie=smallest ID,247,254,3,person,0,0.240302000,0,0
Temporal,fr3_walking_xyz,run_01,most distinct observed frames among MapPoints ever dynamic; tie=smallest ID,248,254,3,person,0,0.216872000,0,0
Temporal,fr3_walking_xyz,run_01,most distinct observed frames among MapPoints ever dynamic; tie=smallest ID,249,254,3,person,0,0.195727000,0,0
Temporal,fr3_walking_xyz,run_01,most distinct observed frames among MapPoints ever dynamic; tie=smallest ID,250,254,3,person,0,0.176644000,0,0
Temporal,fr3_walking_xyz,run_01,most distinct observed frames among MapPoints ever dynamic; tie=smallest ID,251,254,3,person,0,0.159421000,0,0
Temporal,fr3_walking_xyz,run_01,most distinct observed frames among MapPoints ever dynamic; tie=smallest ID,252,254,3,person,0,0.143877000,0,0
Temporal,fr3_walking_xyz,run_01,most distinct observed frames among MapPoints ever dynamic; tie=smallest ID,253,254,3,person,0,0.129849000,0,0
Temporal,fr3_walking_xyz,run_01,most distinct observed frames among MapPoints ever dynamic; tie=smallest ID,254,254,3,person,0,0.117189000,0,0
Temporal,fr3_walking_xyz,run_01,most distinct observed frames among MapPoints ever dynamic; tie=smallest ID,255,254,3,person,0,0.105763000,0,0
Temporal,fr3_walking_xyz,run_01,most distinct observed frames among MapPoints ever dynamic; tie=smallest ID,256,254,3,person,0,0.095451200,0,0
Temporal,fr3_walking_xyz,run_01,most distinct observed frames among MapPoints ever dynamic; tie=smallest ID,257,254,3,person,0,0.086144700,0,0
Temporal,fr3_walking_xyz,run_01,most distinct observed frames among MapPoints ever dynamic; tie=smallest ID,258,254,3,person,0,0.077745600,0,0
Temporal,fr3_walking_xyz,run_01,most distinct observed frames among MapPoints ever dynamic; tie=smallest ID,259,254,3,person,0,0.070165400,0,0
Temporal,fr3_walking_xyz,run_01,most distinct observed frames among MapPoints ever dynamic; tie=smallest ID,260,254,3,person,0,0.063324300,0,0
Temporal,fr3_walking_xyz,run_01,most distinct observed frames among MapPoints ever dynamic; tie=smallest ID,261,254,3,person,0,0.057150200,0,0
Temporal,fr3_walking_xyz,run_01,most distinct observed frames among MapPoints ever dynamic; tie=smallest ID,262,254,3,person,0,0.051578000,0,0
Temporal,fr3_walking_xyz,run_01,most distinct observed frames among MapPoints ever dynamic; tie=smallest ID,263,254,3,person,0,0.046549200,0,0
Temporal,fr3_walking_xyz,run_01,most distinct observed frames among MapPoints ever dynamic; tie=smallest ID,264,254,3,person,0,0.042010600,0,0
Temporal,fr3_walking_xyz,run_01,most distinct observed frames among MapPoints ever dynamic; tie=smallest ID,265,254,3,person,0,0.037914600,0,0
Temporal,fr3_walking_xyz,run_01,most distinct observed frames among MapPoints ever dynamic; tie=smallest ID,271,254,3,person,0,0.026477200,0,0
Temporal,fr3_walking_xyz,run_01,most distinct observed frames among MapPoints ever dynamic; tie=smallest ID,272,254,3,person,0,0.023895600,0,0
Temporal,fr3_walking_xyz,run_01,most distinct observed frames among MapPoints ever dynamic; tie=smallest ID,274,254,3,person,0,0.020487500,0,0
Temporal,fr3_walking_xyz,run_01,most distinct observed frames among MapPoints ever dynamic; tie=smallest ID,275,254,3,person,0,0.018490000,0,0
Temporal,fr3_walking_xyz,run_01,most distinct observed frames among MapPoints ever dynamic; tie=smallest ID,276,254,3,person,0,0.016687200,0,0
Temporal,fr3_walking_xyz,run_01,most distinct observed frames among MapPoints ever dynamic; tie=smallest ID,277,254,3,person,0,0.015060200,0,0
Temporal,fr3_walking_xyz,run_01,most distinct observed frames among MapPoints ever dynamic; tie=smallest ID,278,254,3,person,0,0.013591800,0,0
Temporal,fr3_walking_xyz,run_01,most distinct observed frames among MapPoints ever dynamic; tie=smallest ID,279,254,3,person,0,0.012266600,0,0
Temporal,fr3_walking_xyz,run_01,most distinct observed frames among MapPoints ever dynamic; tie=smallest ID,280,254,3,person,0,0.011070600,0,0
Temporal,fr3_walking_xyz,run_01,most distinct observed frames among MapPoints ever dynamic; tie=smallest ID,281,254,3,person,0,0.009991260,0,0
Temporal,fr3_walking_xyz,run_01,most distinct observed frames among MapPoints ever dynamic; tie=smallest ID,282,254,3,person,0,0.009017110,0,0
Temporal,fr3_walking_xyz,run_01,most distinct observed frames among MapPoints ever dynamic; tie=smallest ID,283,254,3,person,0,0.008137940,0,0
Temporal,fr3_walking_xyz,run_01,most distinct observed frames among MapPoints ever dynamic; tie=smallest ID,314,254,3,person,0,0.001576410,0,0
Temporal,fr3_walking_xyz,run_01,most distinct observed frames among MapPoints ever dynamic; tie=smallest ID,315,254,3,person,0,0.001422710,0,0
Temporal,fr3_walking_xyz,run_01,most distinct observed frames among MapPoints ever dynamic; tie=smallest ID,316,254,3,person,0,0.001284000,0,0
Temporal,fr3_walking_xyz,run_01,most distinct observed frames among MapPoints ever dynamic; tie=smallest ID,317,254,3,person,0,0.001158810,0,0
Temporal,fr3_walking_xyz,run_01,most distinct observed frames among MapPoints ever dynamic; tie=smallest ID,318,254,3,person,0,0.001045820,0,0
Temporal,fr3_walking_xyz,run_01,most distinct observed frames among MapPoints ever dynamic; tie=smallest ID,319,254,3,person,0,0.000943856,0,0
Temporal,fr3_walking_xyz,run_01,most distinct observed frames among MapPoints ever dynamic; tie=smallest ID,320,254,3,person,0,0.000851830,0,0
Temporal,fr3_walking_xyz,run_01,most distinct observed frames among MapPoints ever dynamic; tie=smallest ID,321,254,3,person,0,0.000768776,0,0
Temporal,fr3_walking_xyz,run_01,most distinct observed frames among MapPoints ever dynamic; tie=smallest ID,322,254,3,person,0,0.000693821,0,0
Temporal,fr3_walking_xyz,run_01,most distinct observed frames among MapPoints ever dynamic; tie=smallest ID,323,254,3,person,0,0.000594865,0,0
Temporal,fr3_walking_xyz,run_01,most distinct observed frames among MapPoints ever dynamic; tie=smallest ID,324,254,3,person,0,0.000536865,0,0
Temporal,fr3_walking_xyz,run_01,most distinct observed frames among MapPoints ever dynamic; tie=smallest ID,325,254,3,person,0,0.000484521,0,0
Temporal,fr3_walking_xyz,run_01,most distinct observed frames among MapPoints ever dynamic; tie=smallest ID,326,254,3,person,0,0.000437280,0,0
Temporal,fr3_walking_xyz,run_01,most distinct observed frames among MapPoints ever dynamic; tie=smallest ID,327,254,3,person,0,0.000394645,0,0
Temporal,fr3_walking_xyz,run_01,most distinct observed frames among MapPoints ever dynamic; tie=smallest ID,328,254,3,person,0,0.000356167,0,0
Temporal,fr3_walking_xyz,run_01,most distinct observed frames among MapPoints ever dynamic; tie=smallest ID,329,254,3,person,0,0.000321441,0,0
Temporal,fr3_walking_xyz,run_01,most distinct observed frames among MapPoints ever dynamic; tie=smallest ID,330,254,3,person,0,0.000290100,0,0
Temporal,fr3_walking_xyz,run_01,most distinct observed frames among MapPoints ever dynamic; tie=smallest ID,331,254,3,person,0,0.000261816,0,0
Temporal,fr3_walking_xyz,run_01,most distinct observed frames among MapPoints ever dynamic; tie=smallest ID,332,254,3,person,0,0.000236289,0,0
Temporal,fr3_walking_xyz,run_01,most distinct observed frames among MapPoints ever dynamic; tie=smallest ID,333,254,3,person,0,0.000213250,0,0
Temporal,fr3_walking_xyz,run_01,most distinct observed frames among MapPoints ever dynamic; tie=smallest ID,334,254,3,person,0,0.000192459,0,0
Temporal,fr3_walking_xyz,run_01,most distinct observed frames among MapPoints ever dynamic; tie=smallest ID,335,254,3,person,0,0.000173694,0,0
Temporal,fr3_walking_xyz,run_01,most distinct observed frames among MapPoints ever dynamic; tie=smallest ID,336,254,3,person,0,0.000156759,0,0
Temporal,fr3_walking_xyz,run_01,most distinct observed frames among MapPoints ever dynamic; tie=smallest ID,337,254,3,person,0,0.000141475,0,0
Temporal,fr3_walking_xyz,run_01,most distinct observed frames among MapPoints ever dynamic; tie=smallest ID,338,254,3,person,0,0.000121297,0,0
Temporal,fr3_walking_xyz,run_01,most distinct observed frames among MapPoints ever dynamic; tie=smallest ID,339,254,3,person,0,0.000109470,0,0
Temporal,fr3_walking_xyz,run_01,most distinct observed frames among MapPoints ever dynamic; tie=smallest ID,340,254,3,person,0,0.000098797,0,0
Temporal,fr3_walking_xyz,run_01,most distinct observed frames among MapPoints ever dynamic; tie=smallest ID,341,254,3,person,0,0.000089164,0,0
Temporal,fr3_walking_xyz,run_01,most distinct observed frames among MapPoints ever dynamic; tie=smallest ID,342,254,3,person,0,0.000080471,0,0
Temporal,fr3_walking_xyz,run_01,most distinct observed frames among MapPoints ever dynamic; tie=smallest ID,343,254,3,person,0,0.000072625,0,0
Temporal,fr3_walking_xyz,run_01,most distinct observed frames among MapPoints ever dynamic; tie=smallest ID,344,254,3,person,0,0.000065544,0,0
Temporal,fr3_walking_xyz,run_01,most distinct observed frames among MapPoints ever dynamic; tie=smallest ID,345,254,3,person,0,0.000059153,0,0
Temporal,fr3_walking_xyz,run_01,most distinct observed frames among MapPoints ever dynamic; tie=smallest ID,346,254,3,person,0,0.000053386,0,0
Temporal,fr3_walking_xyz,run_01,most distinct observed frames among MapPoints ever dynamic; tie=smallest ID,347,254,3,person,0,0.000045772,0,0
Temporal,fr3_walking_xyz,run_01,most distinct observed frames among MapPoints ever dynamic; tie=smallest ID,348,254,3,person,0,0.000041309,0,0
Temporal,fr3_walking_xyz,run_01,most distinct observed frames among MapPoints ever dynamic; tie=smallest ID,349,254,3,person,0,0.000037281,0,0
Temporal,fr3_walking_xyz,run_01,most distinct observed frames among MapPoints ever dynamic; tie=smallest ID,350,254,3,person,0,0.000033646,0,0
Temporal,fr3_walking_xyz,run_01,most distinct observed frames among MapPoints ever dynamic; tie=smallest ID,351,254,3,person,0,0.000030366,0,0
Temporal,fr3_walking_xyz,run_01,most distinct observed frames among MapPoints ever dynamic; tie=smallest ID,352,254,3,person,0,0.000027405,0,0
Temporal,fr3_walking_xyz,run_01,most distinct observed frames among MapPoints ever dynamic; tie=smallest ID,353,254,3,person,0,0.000024733,0,0
Temporal,fr3_walking_xyz,run_01,most distinct observed frames among MapPoints ever dynamic; tie=smallest ID,354,254,3,person,0,0.000022322,0,0
Temporal,fr3_walking_xyz,run_01,most distinct observed frames among MapPoints ever dynamic; tie=smallest ID,355,254,3,person,0,0.000020145,0,0
Temporal,fr3_walking_xyz,run_01,most distinct observed frames among MapPoints ever dynamic; tie=smallest ID,356,254,3,person,0,0.000018181,0,0
Temporal,fr3_walking_xyz,run_01,most distinct observed frames among MapPoints ever dynamic; tie=smallest ID,357,254,3,person,0,0.000016409,0,0
Temporal,fr3_walking_xyz,run_01,most distinct observed frames among MapPoints ever dynamic; tie=smallest ID,358,254,3,person,0,0.000014068,0,0
Temporal,fr3_walking_xyz,run_01,most distinct observed frames among MapPoints ever dynamic; tie=smallest ID,359,254,3,person,0,0.000012697,0,0
Temporal,fr3_walking_xyz,run_01,most distinct observed frames among MapPoints ever dynamic; tie=smallest ID,360,254,3,person,0,0.000011459,0,0
Temporal,fr3_walking_xyz,run_01,most distinct observed frames among MapPoints ever dynamic; tie=smallest ID,361,254,3,person,0,0.000010341,0,0
Temporal,fr3_walking_xyz,run_01,most distinct observed frames among MapPoints ever dynamic; tie=smallest ID,362,254,3,person,0,0.000009333,0,0
Temporal,fr3_walking_xyz,run_01,most distinct observed frames among MapPoints ever dynamic; tie=smallest ID,363,254,3,person,0,0.000008423,0,0
Temporal,fr3_walking_xyz,run_01,most distinct observed frames among MapPoints ever dynamic; tie=smallest ID,364,254,3,person,0,0.000007222,0,0
Temporal,fr3_walking_xyz,run_01,most distinct observed frames among MapPoints ever dynamic; tie=smallest ID,365,254,3,person,0,0.000006518,0,0
Temporal,fr3_walking_xyz,run_01,most distinct observed frames among MapPoints ever dynamic; tie=smallest ID,366,254,3,person,0,0.000005882,0,0
Temporal,fr3_walking_xyz,run_01,most distinct observed frames among MapPoints ever dynamic; tie=smallest ID,367,254,3,person,0,0.000005309,0,0
Temporal,fr3_walking_xyz,run_01,most distinct observed frames among MapPoints ever dynamic; tie=smallest ID,368,254,3,person,0,0.000004791,0,0
Temporal,fr3_walking_xyz,run_01,most distinct observed frames among MapPoints ever dynamic; tie=smallest ID,369,254,3,person,0,0.000004324,0,0
Temporal,fr3_walking_xyz,run_01,most distinct observed frames among MapPoints ever dynamic; tie=smallest ID,370,254,3,person,0,0.000003902,0,0
Temporal,fr3_walking_xyz,run_01,most distinct observed frames among MapPoints ever dynamic; tie=smallest ID,371,254,3,person,0,0.000003522,0,0
Temporal,fr3_walking_xyz,run_01,most distinct observed frames among MapPoints ever dynamic; tie=smallest ID,372,254,3,person,0,0.000003179,0,0
Temporal,fr3_walking_xyz,run_01,most distinct observed frames among MapPoints ever dynamic; tie=smallest ID,373,254,3,person,0,0.000002869,0,0
Temporal,fr3_walking_xyz,run_01,most distinct observed frames among MapPoints ever dynamic; tie=smallest ID,374,254,3,person,0,0.000002589,0,0
Temporal,fr3_walking_xyz,run_01,most distinct observed frames among MapPoints ever dynamic; tie=smallest ID,375,254,3,person,0,0.000002337,0,0
Temporal,fr3_walking_xyz,run_01,most distinct observed frames among MapPoints ever dynamic; tie=smallest ID,376,254,3,person,0,0.000002109,0,0
Temporal,fr3_walking_xyz,run_01,most distinct observed frames among MapPoints ever dynamic; tie=smallest ID,377,254,3,person,0,0.000001903,0,0
Temporal,fr3_walking_xyz,run_01,most distinct observed frames among MapPoints ever dynamic; tie=smallest ID,378,254,3,person,0,0.000001718,0,0
Temporal,fr3_walking_xyz,run_01,most distinct observed frames among MapPoints ever dynamic; tie=smallest ID,379,254,3,person,0,0.000001550,0,0
Temporal,fr3_walking_xyz,run_01,most distinct observed frames among MapPoints ever dynamic; tie=smallest ID,380,254,3,person,0,0.000001399,0,0
Temporal,fr3_walking_xyz,run_01,most distinct observed frames among MapPoints ever dynamic; tie=smallest ID,381,254,3,person,0,0.000001263,0,0
Temporal,fr3_walking_xyz,run_01,most distinct observed frames among MapPoints ever dynamic; tie=smallest ID,382,254,3,person,0,0.000001139,0,0
Temporal,fr3_walking_xyz,run_01,most distinct observed frames among MapPoints ever dynamic; tie=smallest ID,383,254,3,person,0,0.000001028,0,0
Temporal,fr3_walking_xyz,run_01,most distinct observed frames among MapPoints ever dynamic; tie=smallest ID,384,254,3,person,0,0.000000928,0,0
Temporal,fr3_walking_xyz,run_01,most distinct observed frames among MapPoints ever dynamic; tie=smallest ID,385,254,3,person,0,0.000000838,0,0
Temporal,fr3_walking_xyz,run_01,most distinct observed frames among MapPoints ever dynamic; tie=smallest ID,386,254,3,person,0,0.000000756,0,0
Temporal,fr3_walking_xyz,run_01,most distinct observed frames among MapPoints ever dynamic; tie=smallest ID,387,254,3,person,0,0.000000682,0,0
Temporal,fr3_walking_xyz,run_01,most distinct observed frames among MapPoints ever dynamic; tie=smallest ID,388,254,3,person,0,0.000000616,0,0
Temporal,fr3_walking_xyz,run_01,most distinct observed frames among MapPoints ever dynamic; tie=smallest ID,389,254,3,person,0,0.000000556,0,0
Temporal,fr3_walking_xyz,run_01,most distinct observed frames among MapPoints ever dynamic; tie=smallest ID,390,254,3,person,0,0.000000502,0,0
Temporal,fr3_walking_xyz,run_01,most distinct observed frames among MapPoints ever dynamic; tie=smallest ID,391,254,3,person,0,0.000000453,0,0
Temporal,fr3_walking_xyz,run_01,most distinct observed frames among MapPoints ever dynamic; tie=smallest ID,392,254,3,person,0,0.000000408,0,0
Temporal,fr3_walking_xyz,run_01,most distinct observed frames among MapPoints ever dynamic; tie=smallest ID,393,254,3,person,0,0.000000369,0,0
Temporal,fr3_walking_xyz,run_01,most distinct observed frames among MapPoints ever dynamic; tie=smallest ID,394,254,3,person,0,0.000000333,0,0
Temporal,fr3_walking_xyz,run_01,most distinct observed frames among MapPoints ever dynamic; tie=smallest ID,395,254,3,person,0,0.000000300,0,0
Temporal,fr3_walking_xyz,run_01,most distinct observed frames among MapPoints ever dynamic; tie=smallest ID,396,254,3,person,0,0.000000271,0,0
Temporal,fr3_walking_xyz,run_01,most distinct observed frames among MapPoints ever dynamic; tie=smallest ID,397,254,3,person,0,0.000000245,0,0
Temporal,fr3_walking_xyz,run_01,most distinct observed frames among MapPoints ever dynamic; tie=smallest ID,398,254,3,person,0,0.000000221,0,0
Temporal,fr3_walking_xyz,run_01,most distinct observed frames among MapPoints ever dynamic; tie=smallest ID,399,254,3,person,0,0.000000199,0,0
Temporal,fr3_walking_xyz,run_01,most distinct observed frames among MapPoints ever dynamic; tie=smallest ID,400,254,3,person,0,0.000000180,0,0
Temporal,fr3_walking_xyz,run_01,most distinct observed frames among MapPoints ever dynamic; tie=smallest ID,401,254,3,person,0,0.000000162,0,0
Temporal,fr3_walking_xyz,run_01,most distinct observed frames among MapPoints ever dynamic; tie=smallest ID,402,254,3,person,0,0.000000146,0,0
Temporal,fr3_walking_xyz,run_01,most distinct observed frames among MapPoints ever dynamic; tie=smallest ID,403,254,3,person,0,0.000000132,0,0
Temporal,fr3_walking_xyz,run_01,most distinct observed frames among MapPoints ever dynamic; tie=smallest ID,404,254,3,person,0,0.000000119,0,0
Temporal,fr3_walking_xyz,run_01,most distinct observed frames among MapPoints ever dynamic; tie=smallest ID,405,254,3,person,0,0.000000108,0,0
Temporal,fr3_walking_xyz,run_01,most distinct observed frames among MapPoints ever dynamic; tie=smallest ID,406,254,3,person,0,0.000000097,0,0
Temporal,fr3_walking_xyz,run_01,most distinct observed frames among MapPoints ever dynamic; tie=smallest ID,407,254,3,person,0,0.000000088,0,0
Temporal,fr3_walking_xyz,run_01,most distinct observed frames among MapPoints ever dynamic; tie=smallest ID,408,254,3,person,0,0.000000079,0,0
Temporal,fr3_walking_xyz,run_01,most distinct observed frames among MapPoints ever dynamic; tie=smallest ID,412,254,3,person,0,0.000000061,0,0
Temporal,fr3_walking_xyz,run_01,most distinct observed frames among MapPoints ever dynamic; tie=smallest ID,415,254,3,person,0,0.000000050,0,0
Temporal,fr3_walking_xyz,run_01,most distinct observed frames among MapPoints ever dynamic; tie=smallest ID,416,254,3,person,0,0.000000045,0,0
Temporal,fr3_walking_xyz,run_01,most distinct observed frames among MapPoints ever dynamic; tie=smallest ID,417,254,3,person,0,0.000000041,0,0
Temporal,fr3_walking_xyz,run_01,most distinct observed frames among MapPoints ever dynamic; tie=smallest ID,420,254,3,person,0,0.000000033,0,0
Temporal,fr3_walking_xyz,run_01,most distinct observed frames among MapPoints ever dynamic; tie=smallest ID,421,254,3,person,0,0.000000030,0,0
Temporal,fr3_walking_xyz,run_01,most distinct observed frames among MapPoints ever dynamic; tie=smallest ID,483,254,3,person,0,0.000000001,0,0
Temporal,fr3_walking_xyz,run_01,most distinct observed frames among MapPoints ever dynamic; tie=smallest ID,547,254,3,person,0,0.000000000,0,0
Temporal,fr3_walking_xyz,run_01,most distinct observed frames among MapPoints ever dynamic; tie=smallest ID,548,254,3,person,0,0.000000000,0,0
Temporal,fr3_walking_xyz,run_01,most distinct observed frames among MapPoints ever dynamic; tie=smallest ID,549,254,3,person,0,0.000000000,0,0
Temporal,fr3_walking_xyz,run_01,most distinct observed frames among MapPoints ever dynamic; tie=smallest ID,550,254,3,person,0,0.000000000,0,0
Temporal,fr3_walking_xyz,run_01,most distinct observed frames among MapPoints ever dynamic; tie=smallest ID,551,254,3,person,0,0.000000000,0,0
Temporal,fr3_walking_xyz,run_01,most distinct observed frames among MapPoints ever dynamic; tie=smallest ID,552,254,3,person,0,0.000000000,0,0
Temporal,fr3_walking_xyz,run_01,most distinct observed frames among MapPoints ever dynamic; tie=smallest ID,553,254,3,person,0,0.000000000,0,0
Temporal,fr3_walking_xyz,run_01,most distinct observed frames among MapPoints ever dynamic; tie=smallest ID,556,254,3,person,0,0.000000000,0,0
Temporal,fr3_walking_xyz,run_01,most distinct observed frames among MapPoints ever dynamic; tie=smallest ID,557,254,3,person,0,0.000000000,0,0
Temporal,fr3_walking_xyz,run_01,most distinct observed frames among MapPoints ever dynamic; tie=smallest ID,558,254,3,person,0,0.000000000,0,0
Temporal,fr3_walking_xyz,run_01,most distinct observed frames among MapPoints ever dynamic; tie=smallest ID,559,254,3,person,0,0.000000000,0,0
Temporal,fr3_walking_xyz,run_01,most distinct observed frames among MapPoints ever dynamic; tie=smallest ID,560,254,3,person,0,0.000000000,0,0
Temporal,fr3_walking_xyz,run_01,most distinct observed frames among MapPoints ever dynamic; tie=smallest ID,561,254,3,person,0,0.000000000,0,0
Temporal,fr3_walking_xyz,run_01,most distinct observed frames among MapPoints ever dynamic; tie=smallest ID,562,254,3,person,0,0.000000000,0,0
Temporal,fr3_walking_xyz,run_01,most distinct observed frames among MapPoints ever dynamic; tie=smallest ID,563,254,3,person,0,0.000000000,0,0
Temporal,fr3_walking_xyz,run_01,most distinct observed frames among MapPoints ever dynamic; tie=smallest ID,564,254,3,person,0,0.000000000,0,0
Temporal,fr3_walking_xyz,run_01,most distinct observed frames among MapPoints ever dynamic; tie=smallest ID,565,254,3,person,0,0.000000000,0,0
Temporal,fr3_walking_xyz,run_01,most distinct observed frames among MapPoints ever dynamic; tie=smallest ID,566,254,3,person,0,0.000000000,0,0
Temporal,fr3_walking_xyz,run_01,most distinct observed frames among MapPoints ever dynamic; tie=smallest ID,567,254,3,person,0,0.000000000,0,0
Temporal,fr3_walking_xyz,run_01,most distinct observed frames among MapPoints ever dynamic; tie=smallest ID,568,254,3,person,0,0.000000000,0,0
Temporal,fr3_walking_xyz,run_01,most distinct observed frames among MapPoints ever dynamic; tie=smallest ID,569,254,3,person,0,0.000000000,0,0
Temporal,fr3_walking_xyz,run_01,most distinct observed frames among MapPoints ever dynamic; tie=smallest ID,570,254,3,person,0,0.000000000,0,0
Temporal,fr3_walking_xyz,run_01,most distinct observed frames among MapPoints ever dynamic; tie=smallest ID,571,254,3,person,0,0.000000000,0,0
Temporal,fr3_walking_xyz,run_01,most distinct observed frames among MapPoints ever dynamic; tie=smallest ID,572,254,3,person,0,0.000000000,0,0
Temporal,fr3_walking_xyz,run_01,most distinct observed frames among MapPoints ever dynamic; tie=smallest ID,573,254,3,person,0,0.000000000,0,0
Temporal,fr3_walking_xyz,run_01,most distinct observed frames among MapPoints ever dynamic; tie=smallest ID,574,254,3,person,0,0.000000000,0,0
Temporal,fr3_walking_xyz,run_01,most distinct observed frames among MapPoints ever dynamic; tie=smallest ID,575,254,3,person,0,0.000000000,0,0
Temporal,fr3_walking_xyz,run_01,most distinct observed frames among MapPoints ever dynamic; tie=smallest ID,576,254,3,person,0,0.000000000,0,0
Temporal,fr3_walking_xyz,run_01,most distinct observed frames among MapPoints ever dynamic; tie=smallest ID,577,254,3,person,0,0.000000000,0,0
Temporal,fr3_walking_xyz,run_01,most distinct observed frames among MapPoints ever dynamic; tie=smallest ID,578,254,3,person,0,0.000000000,0,0
Temporal,fr3_walking_xyz,run_01,most distinct observed frames among MapPoints ever dynamic; tie=smallest ID,579,254,3,person,0,0.000000000,0,0
Temporal,fr3_walking_xyz,run_01,most distinct observed frames among MapPoints ever dynamic; tie=smallest ID,580,254,3,person,0,0.000000000,0,0
Temporal,fr3_walking_xyz,run_01,most distinct observed frames among MapPoints ever dynamic; tie=smallest ID,581,254,3,person,0,0.000000000,0,0
Temporal,fr3_walking_xyz,run_01,most distinct observed frames among MapPoints ever dynamic; tie=smallest ID,582,254,3,person,0,0.000000000,0,0
Temporal,fr3_walking_xyz,run_01,most distinct observed frames among MapPoints ever dynamic; tie=smallest ID,583,254,3,person,0,0.000000000,0,0
Temporal,fr3_walking_xyz,run_01,most distinct observed frames among MapPoints ever dynamic; tie=smallest ID,584,254,3,person,0,0.000000000,0,0
Temporal,fr3_walking_xyz,run_01,most distinct observed frames among MapPoints ever dynamic; tie=smallest ID,585,254,3,person,0,0.000000000,0,0
Temporal,fr3_walking_xyz,run_01,most distinct observed frames among MapPoints ever dynamic; tie=smallest ID,586,254,3,person,0,0.000000000,0,0
Temporal,fr3_walking_xyz,run_01,most distinct observed frames among MapPoints ever dynamic; tie=smallest ID,587,254,3,person,0,0.000000000,0,0
Temporal,fr3_walking_xyz,run_01,most distinct observed frames among MapPoints ever dynamic; tie=smallest ID,588,254,3,person,0,0.000000000,0,0
Temporal,fr3_walking_xyz,run_01,most distinct observed frames among MapPoints ever dynamic; tie=smallest ID,589,254,3,person,0,0.000000000,0,0
Temporal,fr3_walking_xyz,run_01,most distinct observed frames among MapPoints ever dynamic; tie=smallest ID,590,254,3,person,0,0.000000000,0,0
Temporal,fr3_walking_xyz,run_01,most distinct observed frames among MapPoints ever dynamic; tie=smallest ID,591,254,3,person,0,0.000000000,0,0
Temporal,fr3_walking_xyz,run_01,most distinct observed frames among MapPoints ever dynamic; tie=smallest ID,592,254,3,person,0,0.000000000,0,0
Temporal,fr3_walking_xyz,run_01,most distinct observed frames among MapPoints ever dynamic; tie=smallest ID,593,254,3,person,0,0.000000000,0,0
Temporal,fr3_walking_xyz,run_01,most distinct observed frames among MapPoints ever dynamic; tie=smallest ID,594,254,3,person,1,3.000000000,1,1
Temporal,fr3_walking_xyz,run_01,most distinct observed frames among MapPoints ever dynamic; tie=smallest ID,595,254,3,person,1,5.550000000,1,1
Temporal,fr3_walking_xyz,run_01,most distinct observed frames among MapPoints ever dynamic; tie=smallest ID,596,254,3,person,1,7.717500000,1,1
Temporal,fr3_walking_xyz,run_01,most distinct observed frames among MapPoints ever dynamic; tie=smallest ID,597,254,3,person,1,9.559880000,1,1
Temporal,fr3_walking_xyz,run_01,most distinct observed frames among MapPoints ever dynamic; tie=smallest ID,598,254,3,person,1,11.125900000,1,1
Temporal,fr3_walking_xyz,run_01,most distinct observed frames among MapPoints ever dynamic; tie=smallest ID,599,254,3,person,1,12.457000000,1,1
Temporal,fr3_walking_xyz,run_01,most distinct observed frames among MapPoints ever dynamic; tie=smallest ID,600,254,3,person,1,13.588500000,1,1
Temporal,fr3_walking_xyz,run_01,most distinct observed frames among MapPoints ever dynamic; tie=smallest ID,601,254,3,person,1,14.550200000,1,1
Temporal,fr3_walking_xyz,run_01,most distinct observed frames among MapPoints ever dynamic; tie=smallest ID,602,254,3,person,1,15.367700000,1,1
Temporal,fr3_walking_xyz,run_01,most distinct observed frames among MapPoints ever dynamic; tie=smallest ID,603,254,3,person,1,16.062500000,1,1
Temporal,fr3_walking_xyz,run_01,most distinct observed frames among MapPoints ever dynamic; tie=smallest ID,604,254,3,person,1,16.653100000,1,1
Temporal,fr3_walking_xyz,run_01,most distinct observed frames among MapPoints ever dynamic; tie=smallest ID,605,254,3,person,1,17.155200000,1,1
Temporal,fr3_walking_xyz,run_01,most distinct observed frames among MapPoints ever dynamic; tie=smallest ID,606,254,3,person,1,17.581900000,1,1
Temporal,fr3_walking_xyz,run_01,most distinct observed frames among MapPoints ever dynamic; tie=smallest ID,607,254,3,person,1,17.944600000,1,1
Temporal,fr3_walking_xyz,run_01,most distinct observed frames among MapPoints ever dynamic; tie=smallest ID,608,254,3,person,1,18.252900000,1,1
Temporal,fr3_walking_xyz,run_01,most distinct observed frames among MapPoints ever dynamic; tie=smallest ID,609,254,3,person,1,18.515000000,1,1
Temporal,fr3_walking_xyz,run_01,most distinct observed frames among MapPoints ever dynamic; tie=smallest ID,610,254,3,person,1,18.737700000,1,1
Temporal,fr3_walking_xyz,run_01,most distinct observed frames among MapPoints ever dynamic; tie=smallest ID,611,254,3,person,1,18.927100000,1,1
Temporal,fr3_walking_xyz,run_01,most distinct observed frames among MapPoints ever dynamic; tie=smallest ID,612,254,3,person,1,19.088000000,1,1
Temporal,fr3_walking_xyz,run_01,most distinct observed frames among MapPoints ever dynamic; tie=smallest ID,613,254,3,person,1,19.224800000,1,1
Temporal,fr3_walking_xyz,run_01,most distinct observed frames among MapPoints ever dynamic; tie=smallest ID,614,254,3,person,1,19.341100000,1,1
Temporal,fr3_walking_xyz,run_01,most distinct observed frames among MapPoints ever dynamic; tie=smallest ID,615,254,3,person,1,19.439900000,1,1
Temporal,fr3_walking_xyz,run_01,most distinct observed frames among MapPoints ever dynamic; tie=smallest ID,616,254,3,person,1,19.523900000,1,1
Temporal,fr3_walking_xyz,run_01,most distinct observed frames among MapPoints ever dynamic; tie=smallest ID,617,254,3,person,1,19.595300000,1,1
Temporal,fr3_walking_xyz,run_01,most distinct observed frames among MapPoints ever dynamic; tie=smallest ID,618,254,3,person,1,19.656000000,1,1
Temporal,fr3_walking_xyz,run_01,most distinct observed frames among MapPoints ever dynamic; tie=smallest ID,619,254,3,person,1,19.707600000,1,1
Temporal,fr3_walking_xyz,run_01,most distinct observed frames among MapPoints ever dynamic; tie=smallest ID,620,254,3,person,1,19.751500000,1,1
Temporal,fr3_walking_xyz,run_01,most distinct observed frames among MapPoints ever dynamic; tie=smallest ID,621,254,3,person,1,19.788800000,1,1
Temporal,fr3_walking_xyz,run_01,most distinct observed frames among MapPoints ever dynamic; tie=smallest ID,622,254,3,person,1,19.820500000,1,1
Temporal,fr3_walking_xyz,run_01,most distinct observed frames among MapPoints ever dynamic; tie=smallest ID,623,254,3,person,1,19.847400000,1,1
Temporal,fr3_walking_xyz,run_01,most distinct observed frames among MapPoints ever dynamic; tie=smallest ID,624,254,3,person,1,19.870300000,1,1
Temporal,fr3_walking_xyz,run_01,most distinct observed frames among MapPoints ever dynamic; tie=smallest ID,625,254,3,person,1,19.889700000,1,1
Temporal,fr3_walking_xyz,run_01,most distinct observed frames among MapPoints ever dynamic; tie=smallest ID,626,254,3,person,1,19.906300000,1,1
Temporal,fr3_walking_xyz,run_01,most distinct observed frames among MapPoints ever dynamic; tie=smallest ID,627,254,3,person,1,19.920300000,1,1
Temporal,fr3_walking_xyz,run_01,most distinct observed frames among MapPoints ever dynamic; tie=smallest ID,628,254,3,person,1,19.932300000,1,1
Temporal,fr3_walking_xyz,run_01,most distinct observed frames among MapPoints ever dynamic; tie=smallest ID,629,254,3,person,1,19.942400000,1,1
Temporal,fr3_walking_xyz,run_01,most distinct observed frames among MapPoints ever dynamic; tie=smallest ID,630,254,3,person,1,19.951100000,1,1
Temporal,fr3_walking_xyz,run_01,most distinct observed frames among MapPoints ever dynamic; tie=smallest ID,631,254,3,person,1,19.958400000,1,1
Temporal,fr3_walking_xyz,run_01,most distinct observed frames among MapPoints ever dynamic; tie=smallest ID,632,254,3,person,1,19.964700000,1,1
Temporal,fr3_walking_xyz,run_01,most distinct observed frames among MapPoints ever dynamic; tie=smallest ID,633,254,3,person,1,19.970000000,1,1
Temporal,fr3_walking_xyz,run_01,most distinct observed frames among MapPoints ever dynamic; tie=smallest ID,634,254,3,person,1,19.974500000,1,1
Temporal,fr3_walking_xyz,run_01,most distinct observed frames among MapPoints ever dynamic; tie=smallest ID,635,254,3,person,1,19.978300000,1,1
Temporal,fr3_walking_xyz,run_01,most distinct observed frames among MapPoints ever dynamic; tie=smallest ID,636,254,3,person,1,19.981600000,1,1
Temporal,fr3_walking_xyz,run_01,most distinct observed frames among MapPoints ever dynamic; tie=smallest ID,637,254,3,person,1,19.984300000,1,1
Temporal,fr3_walking_xyz,run_01,most distinct observed frames among MapPoints ever dynamic; tie=smallest ID,638,254,3,person,1,19.986700000,1,1
Temporal,fr3_walking_xyz,run_01,most distinct observed frames among MapPoints ever dynamic; tie=smallest ID,639,254,3,person,1,19.988700000,1,1
Temporal,fr3_walking_xyz,run_01,most distinct observed frames among MapPoints ever dynamic; tie=smallest ID,640,254,3,person,1,19.990400000,1,1
Temporal,fr3_walking_xyz,run_01,most distinct observed frames among MapPoints ever dynamic; tie=smallest ID,641,254,3,person,1,19.991800000,1,1
Temporal,fr3_walking_xyz,run_01,most distinct observed frames among MapPoints ever dynamic; tie=smallest ID,642,254,3,person,1,19.993000000,1,1
Temporal,fr3_walking_xyz,run_01,most distinct observed frames among MapPoints ever dynamic; tie=smallest ID,643,254,3,person,1,19.994100000,1,1
Temporal,fr3_walking_xyz,run_01,most distinct observed frames among MapPoints ever dynamic; tie=smallest ID,644,254,3,person,1,19.995000000,1,1
Temporal,fr3_walking_xyz,run_01,most distinct observed frames among MapPoints ever dynamic; tie=smallest ID,645,254,3,person,1,19.995700000,1,1
Temporal,fr3_walking_xyz,run_01,most distinct observed frames among MapPoints ever dynamic; tie=smallest ID,646,254,3,person,1,19.996400000,1,1
Temporal,fr3_walking_xyz,run_01,most distinct observed frames among MapPoints ever dynamic; tie=smallest ID,647,254,3,person,1,19.996900000,1,1
Temporal,fr3_walking_xyz,run_01,most distinct observed frames among MapPoints ever dynamic; tie=smallest ID,648,254,3,person,1,19.997400000,1,1
Temporal,fr3_walking_xyz,run_01,most distinct observed frames among MapPoints ever dynamic; tie=smallest ID,649,254,3,person,1,19.997800000,1,1
Temporal,fr3_walking_xyz,run_01,most distinct observed frames among MapPoints ever dynamic; tie=smallest ID,650,254,3,person,1,19.998100000,1,1
Temporal,fr3_walking_xyz,run_01,most distinct observed frames among MapPoints ever dynamic; tie=smallest ID,651,254,3,person,1,19.998400000,1,1
Temporal,fr3_walking_xyz,run_01,most distinct observed frames among MapPoints ever dynamic; tie=smallest ID,652,254,3,person,1,19.998600000,1,1
Temporal,fr3_walking_xyz,run_01,most distinct observed frames among MapPoints ever dynamic; tie=smallest ID,653,254,3,person,1,19.998800000,1,1
Temporal,fr3_walking_xyz,run_01,most distinct observed frames among MapPoints ever dynamic; tie=smallest ID,654,254,3,person,1,19.999000000,1,1
Temporal,fr3_walking_xyz,run_01,most distinct observed frames among MapPoints ever dynamic; tie=smallest ID,655,254,3,person,1,19.999200000,1,1
Temporal,fr3_walking_xyz,run_01,most distinct observed frames among MapPoints ever dynamic; tie=smallest ID,656,254,3,person,1,19.999300000,1,1
Temporal,fr3_walking_xyz,run_01,most distinct observed frames among MapPoints ever dynamic; tie=smallest ID,657,254,3,person,1,19.999400000,1,1
Temporal,fr3_walking_xyz,run_01,most distinct observed frames among MapPoints ever dynamic; tie=smallest ID,658,254,3,person,1,19.999500000,1,1
Temporal,fr3_walking_xyz,run_01,most distinct observed frames among MapPoints ever dynamic; tie=smallest ID,659,254,3,person,1,19.999600000,1,1
Temporal,fr3_walking_xyz,run_01,most distinct observed frames among MapPoints ever dynamic; tie=smallest ID,660,254,3,person,1,19.999600000,1,1
Temporal,fr3_walking_xyz,run_01,most distinct observed frames among MapPoints ever dynamic; tie=smallest ID,661,254,3,person,1,19.999700000,1,1
Temporal,fr3_walking_xyz,run_01,most distinct observed frames among MapPoints ever dynamic; tie=smallest ID,662,254,3,person,1,19.999700000,1,1
Temporal,fr3_walking_xyz,run_01,most distinct observed frames among MapPoints ever dynamic; tie=smallest ID,663,254,3,person,1,19.999800000,1,1
Temporal,fr3_walking_xyz,run_01,most distinct observed frames among MapPoints ever dynamic; tie=smallest ID,664,254,3,person,1,19.999800000,1,1
Temporal,fr3_walking_xyz,run_01,most distinct observed frames among MapPoints ever dynamic; tie=smallest ID,665,254,3,person,1,19.999800000,1,1
Temporal,fr3_walking_xyz,run_01,most distinct observed frames among MapPoints ever dynamic; tie=smallest ID,666,254,3,person,1,19.999900000,1,1
Temporal,fr3_walking_xyz,run_01,most distinct observed frames among MapPoints ever dynamic; tie=smallest ID,667,254,3,person,1,19.999900000,1,1
Temporal,fr3_walking_xyz,run_01,most distinct observed frames among MapPoints ever dynamic; tie=smallest ID,668,254,3,person,1,19.999900000,1,1
Temporal,fr3_walking_xyz,run_01,most distinct observed frames among MapPoints ever dynamic; tie=smallest ID,669,254,3,person,1,19.999900000,1,1
Temporal,fr3_walking_xyz,run_01,most distinct observed frames among MapPoints ever dynamic; tie=smallest ID,670,254,3,person,1,19.999900000,1,1
Temporal,fr3_walking_xyz,run_01,most distinct observed frames among MapPoints ever dynamic; tie=smallest ID,671,254,3,person,1,19.999900000,1,1
Temporal,fr3_walking_xyz,run_01,most distinct observed frames among MapPoints ever dynamic; tie=smallest ID,672,254,3,person,1,20.000000000,1,1
Temporal,fr3_walking_xyz,run_01,most distinct observed frames among MapPoints ever dynamic; tie=smallest ID,673,254,3,person,1,20.000000000,1,1
Temporal,fr3_walking_xyz,run_01,most distinct observed frames among MapPoints ever dynamic; tie=smallest ID,674,254,3,person,1,20.000000000,1,1
Temporal,fr3_walking_xyz,run_01,most distinct observed frames among MapPoints ever dynamic; tie=smallest ID,675,254,3,person,1,20.000000000,1,1
Temporal,fr3_walking_xyz,run_01,most distinct observed frames among MapPoints ever dynamic; tie=smallest ID,676,254,3,person,1,20.000000000,1,1
Temporal,fr3_walking_xyz,run_01,most distinct observed frames among MapPoints ever dynamic; tie=smallest ID,677,254,3,person,1,20.000000000,1,1
Temporal,fr3_walking_xyz,run_01,most distinct observed frames among MapPoints ever dynamic; tie=smallest ID,678,254,3,person,1,20.000000000,1,1
Temporal,fr3_walking_xyz,run_01,most distinct observed frames among MapPoints ever dynamic; tie=smallest ID,679,254,3,person,1,20.000000000,1,1
Temporal,fr3_walking_xyz,run_01,most distinct observed frames among MapPoints ever dynamic; tie=smallest ID,680,254,3,person,1,20.000000000,1,1
Temporal,fr3_walking_xyz,run_01,most distinct observed frames among MapPoints ever dynamic; tie=smallest ID,681,254,3,person,1,20.000000000,1,1
Temporal,fr3_walking_xyz,run_01,most distinct observed frames among MapPoints ever dynamic; tie=smallest ID,682,254,3,person,0,18.050000000,1,1
Temporal,fr3_walking_xyz,run_01,most distinct observed frames among MapPoints ever dynamic; tie=smallest ID,683,254,3,person,0,16.290100000,1,1
Temporal,fr3_walking_xyz,run_01,most distinct observed frames among MapPoints ever dynamic; tie=smallest ID,684,254,3,person,1,16.846600000,1,1
Temporal,fr3_walking_xyz,run_01,most distinct observed frames among MapPoints ever dynamic; tie=smallest ID,685,254,3,person,1,17.319600000,1,1
Temporal,fr3_walking_xyz,run_01,most distinct observed frames among MapPoints ever dynamic; tie=smallest ID,686,254,3,person,0,15.630900000,1,1
Temporal,fr3_walking_xyz,run_01,most distinct observed frames among MapPoints ever dynamic; tie=smallest ID,687,254,3,person,1,16.286300000,1,1
Temporal,fr3_walking_xyz,run_01,most distinct observed frames among MapPoints ever dynamic; tie=smallest ID,688,254,3,person,1,16.843400000,1,1
Temporal,fr3_walking_xyz,run_01,most distinct observed frames among MapPoints ever dynamic; tie=smallest ID,689,254,3,person,1,17.316900000,1,1
Temporal,fr3_walking_xyz,run_01,most distinct observed frames among MapPoints ever dynamic; tie=smallest ID,690,254,3,person,1,17.719300000,1,1
Temporal,fr3_walking_xyz,run_01,most distinct observed frames among MapPoints ever dynamic; tie=smallest ID,691,254,3,person,1,18.061400000,1,1
Temporal,fr3_walking_xyz,run_01,most distinct observed frames among MapPoints ever dynamic; tie=smallest ID,692,254,3,person,1,18.352200000,1,1
Temporal,fr3_walking_xyz,run_01,most distinct observed frames among MapPoints ever dynamic; tie=smallest ID,693,254,3,person,1,18.599400000,1,1
Temporal,fr3_walking_xyz,run_01,most distinct observed frames among MapPoints ever dynamic; tie=smallest ID,694,254,3,person,1,18.809500000,1,1
Temporal,fr3_walking_xyz,run_01,most distinct observed frames among MapPoints ever dynamic; tie=smallest ID,695,254,3,person,1,18.988100000,1,1
Temporal,fr3_walking_xyz,run_01,most distinct observed frames among MapPoints ever dynamic; tie=smallest ID,696,254,3,person,1,19.139800000,1,1
Temporal,fr3_walking_xyz,run_01,most distinct observed frames among MapPoints ever dynamic; tie=smallest ID,697,254,3,person,1,19.268900000,1,1
Temporal,fr3_walking_xyz,run_01,most distinct observed frames among MapPoints ever dynamic; tie=smallest ID,698,254,3,person,1,19.378500000,1,1
Temporal,fr3_walking_xyz,run_01,most distinct observed frames among MapPoints ever dynamic; tie=smallest ID,699,254,3,person,1,19.471800000,1,1
Temporal,fr3_walking_xyz,run_01,most distinct observed frames among MapPoints ever dynamic; tie=smallest ID,700,254,3,person,1,19.551000000,1,1
Temporal,fr3_walking_xyz,run_01,most distinct observed frames among MapPoints ever dynamic; tie=smallest ID,701,254,3,person,1,19.618300000,1,1
Temporal,fr3_walking_xyz,run_01,most distinct observed frames among MapPoints ever dynamic; tie=smallest ID,702,254,3,person,1,19.675600000,1,1
Temporal,fr3_walking_xyz,run_01,most distinct observed frames among MapPoints ever dynamic; tie=smallest ID,703,254,3,person,1,19.724300000,1,1
Temporal,fr3_walking_xyz,run_01,most distinct observed frames among MapPoints ever dynamic; tie=smallest ID,704,254,3,person,1,19.765600000,1,1
Temporal,fr3_walking_xyz,run_01,most distinct observed frames among MapPoints ever dynamic; tie=smallest ID,705,254,3,person,1,19.800800000,1,1
Temporal,fr3_walking_xyz,run_01,most distinct observed frames among MapPoints ever dynamic; tie=smallest ID,706,254,3,person,0,17.870200000,1,1
Temporal,fr3_walking_xyz,run_01,most distinct observed frames among MapPoints ever dynamic; tie=smallest ID,708,254,3,person,1,15.911200000,1,1
Temporal,fr3_walking_xyz,run_01,most distinct observed frames among MapPoints ever dynamic; tie=smallest ID,709,254,3,person,0,14.359900000,1,1
Temporal,fr3_walking_xyz,run_01,most distinct observed frames among MapPoints ever dynamic; tie=smallest ID,710,254,3,person,0,12.959800000,1,1
Temporal,fr3_walking_xyz,run_01,most distinct observed frames among MapPoints ever dynamic; tie=smallest ID,711,254,3,person,0,11.696200000,1,1
Temporal,fr3_walking_xyz,run_01,most distinct observed frames among MapPoints ever dynamic; tie=smallest ID,712,254,3,person,0,10.555800000,1,1
Temporal,fr3_walking_xyz,run_01,most distinct observed frames among MapPoints ever dynamic; tie=smallest ID,713,254,3,person,0,9.526640000,1,1
Temporal,fr3_walking_xyz,run_01,most distinct observed frames among MapPoints ever dynamic; tie=smallest ID,723,254,3,person,0,5.418750000,1,1
Temporal,fr3_walking_xyz,run_01,most distinct observed frames among MapPoints ever dynamic; tie=smallest ID,724,254,3,person,0,4.890420000,1,1
Temporal,fr3_walking_xyz,run_01,most distinct observed frames among MapPoints ever dynamic; tie=smallest ID,725,254,3,person,0,4.413610000,1,1
Temporal,fr3_walking_xyz,run_01,most distinct observed frames among MapPoints ever dynamic; tie=smallest ID,752,254,3,person,0,1.049670000,0,0
Temporal,fr3_walking_xyz,run_01,most distinct observed frames among MapPoints ever dynamic; tie=smallest ID,753,254,3,person,0,0.947331000,0,0
Temporal,fr3_walking_xyz,run_01,most distinct observed frames among MapPoints ever dynamic; tie=smallest ID,754,254,3,person,0,0.854966000,0,0
Temporal,fr3_walking_xyz,run_01,most distinct observed frames among MapPoints ever dynamic; tie=smallest ID,755,254,3,person,0,0.771607000,0,0
Temporal,fr3_walking_xyz,run_01,most distinct observed frames among MapPoints ever dynamic; tie=smallest ID,756,254,3,person,0,0.696375000,0,0
Temporal,fr3_walking_xyz,run_01,most distinct observed frames among MapPoints ever dynamic; tie=smallest ID,757,254,3,person,0,0.628478000,0,0
Temporal,fr3_walking_xyz,run_01,most distinct observed frames among MapPoints ever dynamic; tie=smallest ID,758,254,3,person,0,0.567202000,0,0
Temporal,fr3_walking_xyz,run_01,most distinct observed frames among MapPoints ever dynamic; tie=smallest ID,759,254,3,person,0,0.511900000,0,0
Temporal,fr3_walking_xyz,run_01,most distinct observed frames among MapPoints ever dynamic; tie=smallest ID,760,254,3,person,0,0.461989000,0,0
Temporal,fr3_walking_xyz,run_01,most distinct observed frames among MapPoints ever dynamic; tie=smallest ID,761,254,3,person,0,0.416945000,0,0
Temporal,fr3_walking_xyz,run_01,most distinct observed frames among MapPoints ever dynamic; tie=smallest ID,762,254,3,person,1,3.354400000,1,1
Temporal,fr3_walking_xyz,run_01,most distinct observed frames among MapPoints ever dynamic; tie=smallest ID,763,254,3,person,1,5.851240000,1,1
Temporal,fr3_walking_xyz,run_01,most distinct observed frames among MapPoints ever dynamic; tie=smallest ID,764,254,3,person,1,7.973560000,1,1
Temporal,fr3_walking_xyz,run_01,most distinct observed frames among MapPoints ever dynamic; tie=smallest ID,765,254,3,person,1,9.777520000,1,1
Temporal,fr3_walking_xyz,run_01,most distinct observed frames among MapPoints ever dynamic; tie=smallest ID,766,254,3,person,1,11.310900000,1,1
Temporal,fr3_walking_xyz,run_01,most distinct observed frames among MapPoints ever dynamic; tie=smallest ID,767,254,3,person,1,12.614300000,1,1
Temporal,fr3_walking_xyz,run_01,most distinct observed frames among MapPoints ever dynamic; tie=smallest ID,768,254,3,person,1,13.722100000,1,1
Temporal,fr3_walking_xyz,run_01,most distinct observed frames among MapPoints ever dynamic; tie=smallest ID,769,254,3,person,1,14.663800000,1,1
Temporal,fr3_walking_xyz,run_01,most distinct observed frames among MapPoints ever dynamic; tie=smallest ID,770,254,3,person,1,15.464200000,1,1
Temporal,fr3_walking_xyz,run_01,most distinct observed frames among MapPoints ever dynamic; tie=smallest ID,771,254,3,person,1,16.144600000,1,1
Temporal,fr3_walking_xyz,run_01,most distinct observed frames among MapPoints ever dynamic; tie=smallest ID,772,254,3,person,1,16.722900000,1,1
Temporal,fr3_walking_xyz,run_01,most distinct observed frames among MapPoints ever dynamic; tie=smallest ID,773,254,3,person,1,17.214500000,1,1
Temporal,fr3_walking_xyz,run_01,most distinct observed frames among MapPoints ever dynamic; tie=smallest ID,774,254,3,person,1,17.632300000,1,1
Temporal,fr3_walking_xyz,run_01,most distinct observed frames among MapPoints ever dynamic; tie=smallest ID,775,254,3,person,1,17.987500000,1,1
Temporal,fr3_walking_xyz,run_01,most distinct observed frames among MapPoints ever dynamic; tie=smallest ID,776,254,3,person,1,18.289300000,1,1
Temporal,fr3_walking_xyz,run_01,most distinct observed frames among MapPoints ever dynamic; tie=smallest ID,777,254,3,person,1,18.545900000,1,1
Temporal,fr3_walking_xyz,run_01,most distinct observed frames among MapPoints ever dynamic; tie=smallest ID,778,254,3,person,1,18.764000000,1,1
Temporal,fr3_walking_xyz,run_01,most distinct observed frames among MapPoints ever dynamic; tie=smallest ID,779,254,3,person,1,18.949400000,1,1
Temporal,fr3_walking_xyz,run_01,most distinct observed frames among MapPoints ever dynamic; tie=smallest ID,782,254,3,person,1,14.637300000,1,1
Temporal,fr3_walking_xyz,run_01,most distinct observed frames among MapPoints ever dynamic; tie=smallest ID,783,254,3,person,1,15.441700000,1,1
Temporal,fr3_walking_xyz,run_01,most distinct observed frames among MapPoints ever dynamic; tie=smallest ID,784,254,3,person,1,16.125500000,1,1
Temporal,fr3_walking_xyz,run_01,most distinct observed frames among MapPoints ever dynamic; tie=smallest ID,785,254,3,person,1,16.706600000,1,1
Temporal,fr3_walking_xyz,run_01,most distinct observed frames among MapPoints ever dynamic; tie=smallest ID,786,254,3,person,1,17.200700000,1,1
Temporal,fr3_walking_xyz,run_01,most distinct observed frames among MapPoints ever dynamic; tie=smallest ID,787,254,3,person,1,17.620600000,1,1
Temporal,fr3_walking_xyz,run_01,most distinct observed frames among MapPoints ever dynamic; tie=smallest ID,788,254,3,person,1,17.977500000,1,1
Temporal,fr3_walking_xyz,run_01,most distinct observed frames among MapPoints ever dynamic; tie=smallest ID,789,254,3,person,1,18.280900000,1,1
Temporal,fr3_walking_xyz,run_01,most distinct observed frames among MapPoints ever dynamic; tie=smallest ID,790,254,3,person,1,18.538700000,1,1
Temporal,fr3_walking_xyz,run_01,most distinct observed frames among MapPoints ever dynamic; tie=smallest ID,791,254,3,person,1,18.757900000,1,1
Temporal,fr3_walking_xyz,run_01,most distinct observed frames among MapPoints ever dynamic; tie=smallest ID,792,254,3,person,1,18.944200000,1,1
Temporal,fr3_walking_xyz,run_01,most distinct observed frames among MapPoints ever dynamic; tie=smallest ID,793,254,3,person,1,19.102600000,1,1
Temporal,fr3_walking_xyz,run_01,most distinct observed frames among MapPoints ever dynamic; tie=smallest ID,794,254,3,person,1,19.237200000,1,1
Temporal,fr3_walking_xyz,run_01,most distinct observed frames among MapPoints ever dynamic; tie=smallest ID,795,254,3,person,1,19.351600000,1,1
Temporal,fr3_walking_xyz,run_01,most distinct observed frames among MapPoints ever dynamic; tie=smallest ID,796,254,3,person,1,19.448900000,1,1
Temporal,fr3_walking_xyz,run_01,most distinct observed frames among MapPoints ever dynamic; tie=smallest ID,797,254,3,person,1,19.531600000,1,1
Temporal,fr3_walking_xyz,run_01,most distinct observed frames among MapPoints ever dynamic; tie=smallest ID,798,254,3,person,1,19.601800000,1,1
Temporal,fr3_walking_xyz,run_01,most distinct observed frames among MapPoints ever dynamic; tie=smallest ID,799,254,3,person,1,19.661500000,1,1
Temporal,fr3_walking_xyz,run_01,most distinct observed frames among MapPoints ever dynamic; tie=smallest ID,802,254,3,person,1,15.074600000,1,1
Temporal,fr3_walking_xyz,run_01,most distinct observed frames among MapPoints ever dynamic; tie=smallest ID,805,254,3,person,1,12.257700000,1,1
Temporal,fr3_walking_xyz,run_01,most distinct observed frames among MapPoints ever dynamic; tie=smallest ID,808,254,3,person,1,10.527800000,1,1
Temporal,fr3_walking_xyz,run_01,most distinct observed frames among MapPoints ever dynamic; tie=smallest ID,809,254,3,person,1,11.948600000,1,1
Temporal,fr3_walking_xyz,run_01,most distinct observed frames among MapPoints ever dynamic; tie=smallest ID,810,254,3,person,1,13.156300000,1,1
Temporal,fr3_walking_xyz,run_01,most distinct observed frames among MapPoints ever dynamic; tie=smallest ID,811,254,3,person,1,14.182900000,1,1
Temporal,fr3_walking_xyz,run_01,most distinct observed frames among MapPoints ever dynamic; tie=smallest ID,812,254,3,person,1,15.055400000,1,1
Temporal,fr3_walking_xyz,run_01,most distinct observed frames among MapPoints ever dynamic; tie=smallest ID,813,254,3,person,1,15.797100000,1,1
Temporal,fr3_walking_xyz,run_01,most distinct observed frames among MapPoints ever dynamic; tie=smallest ID,814,254,3,person,1,16.427600000,1,1
Temporal,fr3_walking_xyz,run_01,most distinct observed frames among MapPoints ever dynamic; tie=smallest ID,815,254,3,person,1,16.963400000,1,1
Temporal,fr3_walking_xyz,run_01,most distinct observed frames among MapPoints ever dynamic; tie=smallest ID,816,254,3,person,1,17.418900000,1,1
Temporal,fr3_walking_xyz,run_01,most distinct observed frames among MapPoints ever dynamic; tie=smallest ID,817,254,3,person,1,17.806100000,1,1
Temporal,fr3_walking_xyz,run_01,most distinct observed frames among MapPoints ever dynamic; tie=smallest ID,818,254,3,person,1,18.135200000,1,1
Temporal,fr3_walking_xyz,run_01,most distinct observed frames among MapPoints ever dynamic; tie=smallest ID,819,254,3,person,1,18.414900000,1,1
Temporal,fr3_walking_xyz,run_01,most distinct observed frames among MapPoints ever dynamic; tie=smallest ID,820,254,3,person,1,18.652700000,1,1
Temporal,fr3_walking_xyz,run_01,most distinct observed frames among MapPoints ever dynamic; tie=smallest ID,821,254,3,person,1,18.854800000,1,1
Temporal,fr3_walking_xyz,run_01,most distinct observed frames among MapPoints ever dynamic; tie=smallest ID,822,254,3,person,1,19.026500000,1,1
Temporal,fr3_walking_xyz,run_01,most distinct observed frames among MapPoints ever dynamic; tie=smallest ID,823,254,3,person,1,19.172600000,1,1
Temporal,fr3_walking_xyz,run_01,most distinct observed frames among MapPoints ever dynamic; tie=smallest ID,824,254,3,person,1,19.296700000,1,1
Temporal,fr3_walking_xyz,run_01,most distinct observed frames among MapPoints ever dynamic; tie=smallest ID,825,254,3,person,1,19.402200000,1,1
Temporal,fr3_walking_xyz,run_01,most distinct observed frames among MapPoints ever dynamic; tie=smallest ID,826,254,3,person,1,19.491900000,1,1
