experiment,method,sequence,run_id,raw_process_status,experiment_completion_status,legal_evaluation,trajectory_rows,trajectory_columns,trajectory_sha256,evaluation_script,max_timestamp_diff,alignment,groundtruth,ATE_RMSE,ATE_mean,ATE_median,RPE_translation_RMSE,RPE_rotation_RMSE_deg,run_dir
P2,Semantic,fr3_walking_xyz,run_01,exit_0,completed,1,827,8,85b5a5f45b93c41911641483252226222c0d99c0968e5baa24537ed75aca703e,scripts/evaluate_tum_metrics.py,0.02,single SE(3) Umeyama/SVD alignment for ATE; RPE computed from unaligned consecutive relative poses,/home/djn/datasets/TUMRGBD/rgbd_dataset_freiburg3_walking_xyz/groundtruth.txt,0.4473105304239993,0.4084172547933508,0.4004657809848572,0.01978703693051574,0.4912437343704434,/home/djn/123/ORB_SLAM2_AddSemantic/experiments/final_paper/02_tum_comparison/Semantic/fr3_walking_xyz/run_01
P2,Semantic,fr3_walking_xyz,run_02,exit_0,completed,1,827,8,2f5041e43dbafeb8147a4d717659d9bafdd4ffed28d9f6652b2bd8b7df998548,scripts/evaluate_tum_metrics.py,0.02,single SE(3) Umeyama/SVD alignment for ATE; RPE computed from unaligned consecutive relative poses,/home/djn/datasets/TUMRGBD/rgbd_dataset_freiburg3_walking_xyz/groundtruth.txt,0.49978288166077406,0.43756337261308603,0.41021436613858686,0.019788353682343662,0.4943971738368872,/home/djn/123/ORB_SLAM2_AddSemantic/experiments/final_paper/02_tum_comparison/Semantic/fr3_walking_xyz/run_02
P2,Semantic,fr3_walking_xyz,run_03,exit_0,completed,1,827,8,79bdc69abf80dd7b7abd85d9aa3956ba4ed3894b5ed958b8237f16fddddf11d6,scripts/evaluate_tum_metrics.py,0.02,single SE(3) Umeyama/SVD alignment for ATE; RPE computed from unaligned consecutive relative poses,/home/djn/datasets/TUMRGBD/rgbd_dataset_freiburg3_walking_xyz/groundtruth.txt,0.5668675794055604,0.4860406914070705,0.4109163723467405,0.020190867504228473,0.5092343603891081,/home/djn/123/ORB_SLAM2_AddSemantic/experiments/final_paper/02_tum_comparison/Semantic/fr3_walking_xyz/run_03
P2,Semantic,fr3_walking_xyz,run_04,exit_0,completed,1,827,8,73170f371b55c768de4367b8ecf1438c7fbff708de3c01e21da900e34bdd91fc,scripts/evaluate_tum_metrics.py,0.02,single SE(3) Umeyama/SVD alignment for ATE; RPE computed from unaligned consecutive relative poses,/home/djn/datasets/TUMRGBD/rgbd_dataset_freiburg3_walking_xyz/groundtruth.txt,0.5566198115129104,0.4936136193205592,0.45650814644241144,0.021545556719973602,0.5084741428898362,/home/djn/123/ORB_SLAM2_AddSemantic/experiments/final_paper/02_tum_comparison/Semantic/fr3_walking_xyz/run_04
P2,Semantic,fr3_walking_xyz,run_05,exit_0,completed,1,827,8,14de772d781e85caf001aede0504d39feca0cd1f411b90699e691f5c6c7ea6ff,scripts/evaluate_tum_metrics.py,0.02,single SE(3) Umeyama/SVD alignment for ATE; RPE computed from unaligned consecutive relative poses,/home/djn/datasets/TUMRGBD/rgbd_dataset_freiburg3_walking_xyz/groundtruth.txt,0.4537986823851704,0.39722234940470597,0.3560246819595335,0.02165091518966244,0.5128759442923725,/home/djn/123/ORB_SLAM2_AddSemantic/experiments/final_paper/02_tum_comparison/Semantic/fr3_walking_xyz/run_05
P2,Semantic,fr3_walking_rpy,run_01,exit_0,completed,1,393,8,18472d176dc7b76de23cb85b8b78c6153d1b9b3dc891b8be656eb889281815a7,scripts/evaluate_tum_metrics.py,0.02,single SE(3) Umeyama/SVD alignment for ATE; RPE computed from unaligned consecutive relative poses,/home/djn/datasets/TUMRGBD/rgbd_dataset_freiburg3_walking_rpy/groundtruth.txt,0.7489277510374416,0.7177339912909027,0.7520051963056184,0.11355007974381065,2.3855696034137943,/home/djn/123/ORB_SLAM2_AddSemantic/experiments/final_paper/02_tum_comparison/Semantic/fr3_walking_rpy/run_01
P2,Semantic,fr3_walking_rpy,run_02,exit_0,completed,1,607,8,ba70f1c84657ab7a09d7d7b82f745071dda80723d3558b8f11aaa2422934d9b9,scripts/evaluate_tum_metrics.py,0.02,single SE(3) Umeyama/SVD alignment for ATE; RPE computed from unaligned consecutive relative poses,/home/djn/datasets/TUMRGBD/rgbd_dataset_freiburg3_walking_rpy/groundtruth.txt,0.7847353149234194,0.6841313431502403,0.6479646240383611,0.1058046335996036,2.226191234548089,/home/djn/123/ORB_SLAM2_AddSemantic/experiments/final_paper/02_tum_comparison/Semantic/fr3_walking_rpy/run_02
P2,Semantic,fr3_walking_rpy,run_03,exit_0,completed,1,604,8,de17a3c67ea7b40c14a85c60fb0caa8adc42d467a7175462b5c1c267860b6473,scripts/evaluate_tum_metrics.py,0.02,single SE(3) Umeyama/SVD alignment for ATE; RPE computed from unaligned consecutive relative poses,/home/djn/datasets/TUMRGBD/rgbd_dataset_freiburg3_walking_rpy/groundtruth.txt,0.7441579110902294,0.6463828799701206,0.5992709237271128,0.11047545222041723,2.2852561910543847,/home/djn/123/ORB_SLAM2_AddSemantic/experiments/final_paper/02_tum_comparison/Semantic/fr3_walking_rpy/run_03
P2,Semantic,fr3_walking_rpy,run_04,exit_0,completed,1,582,8,55717a16341a30031f78344da7d977913c82da81e348f942dff7d3a0582e26ec,scripts/evaluate_tum_metrics.py,0.02,single SE(3) Umeyama/SVD alignment for ATE; RPE computed from unaligned consecutive relative poses,/home/djn/datasets/TUMRGBD/rgbd_dataset_freiburg3_walking_rpy/groundtruth.txt,0.6931396161138329,0.6065705567044215,0.48152370965396585,0.03513190738924885,0.6858809812129412,/home/djn/123/ORB_SLAM2_AddSemantic/experiments/final_paper/02_tum_comparison/Semantic/fr3_walking_rpy/run_04
P2,Semantic,fr3_walking_rpy,run_05,exit_0,completed,1,606,8,2038360e067a293aa4da59d78905ecf0b0d51e0d5d96a5c1cb1afb7f78927979,scripts/evaluate_tum_metrics.py,0.02,single SE(3) Umeyama/SVD alignment for ATE; RPE computed from unaligned consecutive relative poses,/home/djn/datasets/TUMRGBD/rgbd_dataset_freiburg3_walking_rpy/groundtruth.txt,0.7750764606463815,0.6728814876667499,0.5835337255795601,0.11414181371029629,2.3690420279084843,/home/djn/123/ORB_SLAM2_AddSemantic/experiments/final_paper/02_tum_comparison/Semantic/fr3_walking_rpy/run_05
P2,Semantic,fr3_walking_halfsphere,run_01,exit_0,completed,1,618,8,af942328c3652a5894f20b8e1dab753111ab207fc85ebe3fcbbb81ae3977eef2,scripts/evaluate_tum_metrics.py,0.02,single SE(3) Umeyama/SVD alignment for ATE; RPE computed from unaligned consecutive relative poses,/home/djn/datasets/TUMRGBD/rgbd_dataset_freiburg3_walking_halfsphere/groundtruth.txt,0.20222960188001773,0.1499762451362782,0.10144156364575056,0.0392140273540238,0.8489922098245862,/home/djn/123/ORB_SLAM2_AddSemantic/experiments/final_paper/02_tum_comparison/Semantic/fr3_walking_halfsphere/run_01
P2,Semantic,fr3_walking_halfsphere,run_02,exit_0,completed,1,578,8,8354617960dfd096f141a179c329b822d0ab82485d5dca4c4acc0c1d92cba85c,scripts/evaluate_tum_metrics.py,0.02,single SE(3) Umeyama/SVD alignment for ATE; RPE computed from unaligned consecutive relative poses,/home/djn/datasets/TUMRGBD/rgbd_dataset_freiburg3_walking_halfsphere/groundtruth.txt,0.5412918241214172,0.5200176972195045,0.529201850084356,0.03354690818937144,0.717533957760836,/home/djn/123/ORB_SLAM2_AddSemantic/experiments/final_paper/02_tum_comparison/Semantic/fr3_walking_halfsphere/run_02
P2,Semantic,fr3_walking_halfsphere,run_03,exit_0,completed,1,645,8,7b8b197ddbf72ab848a804b1849570b93ec36fa658320f77a33067c3f6150126,scripts/evaluate_tum_metrics.py,0.02,single SE(3) Umeyama/SVD alignment for ATE; RPE computed from unaligned consecutive relative poses,/home/djn/datasets/TUMRGBD/rgbd_dataset_freiburg3_walking_halfsphere/groundtruth.txt,0.49100030979233666,0.4782768884024564,0.45284668486020496,0.027569003553316238,0.6223170544555572,/home/djn/123/ORB_SLAM2_AddSemantic/experiments/final_paper/02_tum_comparison/Semantic/fr3_walking_halfsphere/run_03
P2,Semantic,fr3_walking_halfsphere,run_04,exit_0,completed,1,556,8,e8d5ea7185c393779f9acf62480c416279e83f08a4877be2367f77c4635c9b46,scripts/evaluate_tum_metrics.py,0.02,single SE(3) Umeyama/SVD alignment for ATE; RPE computed from unaligned consecutive relative poses,/home/djn/datasets/TUMRGBD/rgbd_dataset_freiburg3_walking_halfsphere/groundtruth.txt,0.14300820459005698,0.07317304719660617,0.03953711617106961,0.04127826769192799,0.939012439028921,/home/djn/123/ORB_SLAM2_AddSemantic/experiments/final_paper/02_tum_comparison/Semantic/fr3_walking_halfsphere/run_04
P2,Semantic,fr3_walking_halfsphere,run_05,exit_0,completed,1,700,8,ffcce019c651954c5e7c9a34dd1fade5b98a41efd2e9caca3cd9254212e5d7b1,scripts/evaluate_tum_metrics.py,0.02,single SE(3) Umeyama/SVD alignment for ATE; RPE computed from unaligned consecutive relative poses,/home/djn/datasets/TUMRGBD/rgbd_dataset_freiburg3_walking_halfsphere/groundtruth.txt,0.26880195582825106,0.23340188662141179,0.17527460276635556,0.02797752296124229,0.6412639069256164,/home/djn/123/ORB_SLAM2_AddSemantic/experiments/final_paper/02_tum_comparison/Semantic/fr3_walking_halfsphere/run_05
P2,Temporal,fr3_walking_xyz,run_01,exit_0,completed,1,827,8,ddc60a75a5cd0e1f8bf18ef148733d701f0e1c56fcb16193c572f0e86174814d,scripts/evaluate_tum_metrics.py,0.02,single SE(3) Umeyama/SVD alignment for ATE; RPE computed from unaligned consecutive relative poses,/home/djn/datasets/TUMRGBD/rgbd_dataset_freiburg3_walking_xyz/groundtruth.txt,0.42849113031853103,0.35916971305892825,0.3242450452092014,0.01955611023697756,0.49885394899281654,/home/djn/123/ORB_SLAM2_AddSemantic/experiments/final_paper/02_tum_comparison/Temporal/fr3_walking_xyz/run_01
P2,Temporal,fr3_walking_xyz,run_02,exit_0,completed,1,827,8,7c4169b6b9671d5067b67c3892238cf30b2c81b1cacdea09ee19fdbc7d1a32e4,scripts/evaluate_tum_metrics.py,0.02,single SE(3) Umeyama/SVD alignment for ATE; RPE computed from unaligned consecutive relative poses,/home/djn/datasets/TUMRGBD/rgbd_dataset_freiburg3_walking_xyz/groundtruth.txt,0.5731947368633444,0.512463957032456,0.48169007380540513,0.021135629798235342,0.5090348899724895,/home/djn/123/ORB_SLAM2_AddSemantic/experiments/final_paper/02_tum_comparison/Temporal/fr3_walking_xyz/run_02
P2,Temporal,fr3_walking_xyz,run_03,exit_0,completed,1,827,8,e5c2b97eb5e7cd0ebfcd52a94807ba0176bf7bd31796f760c4f0ce056a10e3bc,scripts/evaluate_tum_metrics.py,0.02,single SE(3) Umeyama/SVD alignment for ATE; RPE computed from unaligned consecutive relative poses,/home/djn/datasets/TUMRGBD/rgbd_dataset_freiburg3_walking_xyz/groundtruth.txt,0.6123777084196482,0.5441985730834522,0.5248035747359598,0.020226514201812887,0.5041786734122179,/home/djn/123/ORB_SLAM2_AddSemantic/experiments/final_paper/02_tum_comparison/Temporal/fr3_walking_xyz/run_03
P2,Temporal,fr3_walking_xyz,run_04,exit_0,completed,1,827,8,29f4dbf274200a1e710eaae0becf7bcf3d1a6b57729e05bbcc4de4ac0813b8d7,scripts/evaluate_tum_metrics.py,0.02,single SE(3) Umeyama/SVD alignment for ATE; RPE computed from unaligned consecutive relative poses,/home/djn/datasets/TUMRGBD/rgbd_dataset_freiburg3_walking_xyz/groundtruth.txt,0.5538382909877327,0.48228648169872684,0.47386949405797385,0.020067029293797625,0.5115120809086093,/home/djn/123/ORB_SLAM2_AddSemantic/experiments/final_paper/02_tum_comparison/Temporal/fr3_walking_xyz/run_04
P2,Temporal,fr3_walking_xyz,run_05,exit_0,completed,1,827,8,ddf9e2909138b71e5bcec4a20df1719d7ad064ad8237be32e42968ee71f60bcf,scripts/evaluate_tum_metrics.py,0.02,single SE(3) Umeyama/SVD alignment for ATE; RPE computed from unaligned consecutive relative poses,/home/djn/datasets/TUMRGBD/rgbd_dataset_freiburg3_walking_xyz/groundtruth.txt,0.6434383361753573,0.571488282128426,0.5571265521830399,0.02132980038456032,0.5108130632155553,/home/djn/123/ORB_SLAM2_AddSemantic/experiments/final_paper/02_tum_comparison/Temporal/fr3_walking_xyz/run_05
P2,Temporal,fr3_walking_rpy,run_01,exit_0,completed,1,384,8,cd2df46231b78b4121239bfbf75056c4abc8664e6db848a9b33983a6834135ad,scripts/evaluate_tum_metrics.py,0.02,single SE(3) Umeyama/SVD alignment for ATE; RPE computed from unaligned consecutive relative poses,/home/djn/datasets/TUMRGBD/rgbd_dataset_freiburg3_walking_rpy/groundtruth.txt,0.7601880475690973,0.7206170426534025,0.7756973559465941,0.11855373014303146,2.526074412932236,/home/djn/123/ORB_SLAM2_AddSemantic/experiments/final_paper/02_tum_comparison/Temporal/fr3_walking_rpy/run_01
P2,Temporal,fr3_walking_rpy,run_02,exit_0,completed,1,537,8,c72fb4d6f16dd4170bcd8adf6dea70d167687c7697505e7047519b56ef896e12,scripts/evaluate_tum_metrics.py,0.02,single SE(3) Umeyama/SVD alignment for ATE; RPE computed from unaligned consecutive relative poses,/home/djn/datasets/TUMRGBD/rgbd_dataset_freiburg3_walking_rpy/groundtruth.txt,0.7752521029292677,0.6006666731965038,0.41328671100953307,0.12837669562692694,2.59953425731348,/home/djn/123/ORB_SLAM2_AddSemantic/experiments/final_paper/02_tum_comparison/Temporal/fr3_walking_rpy/run_02
P2,Temporal,fr3_walking_rpy,run_03,exit_0,completed,1,374,8,1bd919f6fc15a4cbb6753641c6f78c657f9d3d92c4f35fe038c1be94a2622824,scripts/evaluate_tum_metrics.py,0.02,single SE(3) Umeyama/SVD alignment for ATE; RPE computed from unaligned consecutive relative poses,/home/djn/datasets/TUMRGBD/rgbd_dataset_freiburg3_walking_rpy/groundtruth.txt,0.6569087276142932,0.6230850229337009,0.6125642181338866,0.10974082360663205,2.192221668684707,/home/djn/123/ORB_SLAM2_AddSemantic/experiments/final_paper/02_tum_comparison/Temporal/fr3_walking_rpy/run_03
P2,Temporal,fr3_walking_rpy,run_04,exit_0,completed,1,419,8,ab1782c4108cabe55b67fbca2cf917d6c6cce79800bee175c3aead26a4e5309e,scripts/evaluate_tum_metrics.py,0.02,single SE(3) Umeyama/SVD alignment for ATE; RPE computed from unaligned consecutive relative poses,/home/djn/datasets/TUMRGBD/rgbd_dataset_freiburg3_walking_rpy/groundtruth.txt,0.8096708258250224,0.7439752923148294,0.8665897000782026,0.143479977671966,2.990935025029193,/home/djn/123/ORB_SLAM2_AddSemantic/experiments/final_paper/02_tum_comparison/Temporal/fr3_walking_rpy/run_04
P2,Temporal,fr3_walking_rpy,run_05,exit_0,completed,1,517,8,922d055b7b1883fcb9353d534a1ed3cbce9a085ee033d8d0944b7758ec0e57e1,scripts/evaluate_tum_metrics.py,0.02,single SE(3) Umeyama/SVD alignment for ATE; RPE computed from unaligned consecutive relative poses,/home/djn/datasets/TUMRGBD/rgbd_dataset_freiburg3_walking_rpy/groundtruth.txt,0.7798853187666974,0.6211310668539926,0.4658076862545006,0.04933987390055208,1.0731719558806694,/home/djn/123/ORB_SLAM2_AddSemantic/experiments/final_paper/02_tum_comparison/Temporal/fr3_walking_rpy/run_05
P2,Temporal,fr3_walking_halfsphere,run_01,exit_0,completed,1,1003,8,69d42d858e12494dfe55ffb21506def911f10c73e5cfd858eed56cc2c2a239e5,scripts/evaluate_tum_metrics.py,0.02,single SE(3) Umeyama/SVD alignment for ATE; RPE computed from unaligned consecutive relative poses,/home/djn/datasets/TUMRGBD/rgbd_dataset_freiburg3_walking_halfsphere/groundtruth.txt,0.6477103437254645,0.6284291944931747,0.6499084504658823,0.028687488833836473,0.6808219439614335,/home/djn/123/ORB_SLAM2_AddSemantic/experiments/final_paper/02_tum_comparison/Temporal/fr3_walking_halfsphere/run_01
P2,Temporal,fr3_walking_halfsphere,run_02,exit_0,completed,1,669,8,6be66ce166f2026cd75fc47e65b23f9f7df2cdc2594aa66809464c8e7859c50c,scripts/evaluate_tum_metrics.py,0.02,single SE(3) Umeyama/SVD alignment for ATE; RPE computed from unaligned consecutive relative poses,/home/djn/datasets/TUMRGBD/rgbd_dataset_freiburg3_walking_halfsphere/groundtruth.txt,0.5279700486846471,0.5034526458118587,0.46174697991060965,0.030482892443796508,0.6969895053149778,/home/djn/123/ORB_SLAM2_AddSemantic/experiments/final_paper/02_tum_comparison/Temporal/fr3_walking_halfsphere/run_02
P2,Temporal,fr3_walking_halfsphere,run_03,exit_0,completed,1,770,8,02e7e51be9969abb6ef3dd1c20e8fa3652bb3d78d1d56aa4b50aa32dcae126b9,scripts/evaluate_tum_metrics.py,0.02,single SE(3) Umeyama/SVD alignment for ATE; RPE computed from unaligned consecutive relative poses,/home/djn/datasets/TUMRGBD/rgbd_dataset_freiburg3_walking_halfsphere/groundtruth.txt,0.19111161871031632,0.14045189513425946,0.0849704680734951,0.03518021010669229,0.7385837451541689,/home/djn/123/ORB_SLAM2_AddSemantic/experiments/final_paper/02_tum_comparison/Temporal/fr3_walking_halfsphere/run_03
P2,Temporal,fr3_walking_halfsphere,run_04,exit_0,completed,1,511,8,c90db01fc45705e0301c43edd028a6c99f1e88955de4e44ff4c6b4e43923fe99,scripts/evaluate_tum_metrics.py,0.02,single SE(3) Umeyama/SVD alignment for ATE; RPE computed from unaligned consecutive relative poses,/home/djn/datasets/TUMRGBD/rgbd_dataset_freiburg3_walking_halfsphere/groundtruth.txt,0.20526766435931199,0.17227364461390154,0.12841697396878238,0.03092384382401341,0.6220085363712077,/home/djn/123/ORB_SLAM2_AddSemantic/experiments/final_paper/02_tum_comparison/Temporal/fr3_walking_halfsphere/run_04
P2,Temporal,fr3_walking_halfsphere,run_05,exit_0,completed,1,748,8,2d1029b6283681083b4abeffc4c080dded11b6149aecbae9b3ccb00faf25fd7a,scripts/evaluate_tum_metrics.py,0.02,single SE(3) Umeyama/SVD alignment for ATE; RPE computed from unaligned consecutive relative poses,/home/djn/datasets/TUMRGBD/rgbd_dataset_freiburg3_walking_halfsphere/groundtruth.txt,0.20897301269449756,0.16587113321917762,0.11769121364494085,0.02816509718576395,0.6890802961715279,/home/djn/123/ORB_SLAM2_AddSemantic/experiments/final_paper/02_tum_comparison/Temporal/fr3_walking_halfsphere/run_05
P3,Semantic,fr3_walking_xyz,run_01,exit_1,incomplete,0,0,,,scripts/evaluate_tum_metrics.py,,single SE(3) Umeyama/SVD alignment for ATE; RPE computed from unaligned consecutive relative poses,,,,,,,/home/djn/123/ORB_SLAM2_AddSemantic/experiments/final_paper/03_temporal_continuity/Semantic/fr3_walking_xyz/run_01
P3,Semantic,fr3_walking_xyz,run_02,unknown,incomplete,0,0,,,scripts/evaluate_tum_metrics.py,,single SE(3) Umeyama/SVD alignment for ATE; RPE computed from unaligned consecutive relative poses,,,,,,,/home/djn/123/ORB_SLAM2_AddSemantic/experiments/final_paper/03_temporal_continuity/Semantic/fr3_walking_xyz/run_02
P3,Semantic,fr3_walking_xyz,run_03,exit_0,completed,1,827,8,e4f3387136fe45a21d1e41b08cf1bdb6ead01c69108ec0a3e16c140eedc945c8,scripts/evaluate_tum_metrics.py,0.02,single SE(3) Umeyama/SVD alignment for ATE; RPE computed from unaligned consecutive relative poses,/home/djn/datasets/TUMRGBD/rgbd_dataset_freiburg3_walking_xyz/groundtruth.txt,0.5868177559516549,0.5255073954433388,0.525562816182497,0.020671439399327238,0.5020079432129826,/home/djn/123/ORB_SLAM2_AddSemantic/experiments/final_paper/03_temporal_continuity/Semantic/fr3_walking_xyz/run_03
P3,Semantic,fr3_walking_xyz,run_04,exit_0,completed,1,827,8,7ee8342c623dd7f3dd06d304594573c84d0ad209b383ec4c44008a0fc105301f,scripts/evaluate_tum_metrics.py,0.02,single SE(3) Umeyama/SVD alignment for ATE; RPE computed from unaligned consecutive relative poses,/home/djn/datasets/TUMRGBD/rgbd_dataset_freiburg3_walking_xyz/groundtruth.txt,0.6707273372869159,0.5791441032011161,0.571023410345818,0.020639220500445817,0.5188011742916834,/home/djn/123/ORB_SLAM2_AddSemantic/experiments/final_paper/03_temporal_continuity/Semantic/fr3_walking_xyz/run_04
P3,Semantic,fr3_walking_xyz,run_05,exit_0,completed,1,827,8,c29dcd5d6f3de58dea7ee7460fb0779b601ec28183354e18e5598834d38b4297,scripts/evaluate_tum_metrics.py,0.02,single SE(3) Umeyama/SVD alignment for ATE; RPE computed from unaligned consecutive relative poses,/home/djn/datasets/TUMRGBD/rgbd_dataset_freiburg3_walking_xyz/groundtruth.txt,0.6522333405807819,0.585078609510878,0.5758508151990079,0.021428565543940004,0.5154647514118477,/home/djn/123/ORB_SLAM2_AddSemantic/experiments/final_paper/03_temporal_continuity/Semantic/fr3_walking_xyz/run_05
P3,Semantic,fr3_walking_rpy,run_01,exit_0,completed,1,510,8,e4bd8bcb179f2d8b76d27960dcc320af80535457a021660774e005419880ff87,scripts/evaluate_tum_metrics.py,0.02,single SE(3) Umeyama/SVD alignment for ATE; RPE computed from unaligned consecutive relative poses,/home/djn/datasets/TUMRGBD/rgbd_dataset_freiburg3_walking_rpy/groundtruth.txt,0.6946884012619052,0.6345551469658071,0.5569755970109616,0.09585127601688775,2.0548538923018778,/home/djn/123/ORB_SLAM2_AddSemantic/experiments/final_paper/03_temporal_continuity/Semantic/fr3_walking_rpy/run_01
P3,Semantic,fr3_walking_rpy,run_02,exit_0,completed,1,416,8,37ab60b175a9be2e7a4d442ad8ff4136c864d23a6ab31e0bbf291c87aa048bf1,scripts/evaluate_tum_metrics.py,0.02,single SE(3) Umeyama/SVD alignment for ATE; RPE computed from unaligned consecutive relative poses,/home/djn/datasets/TUMRGBD/rgbd_dataset_freiburg3_walking_rpy/groundtruth.txt,0.7309753854055371,0.7036055345407626,0.6859832871439195,0.1148022260409031,2.3934932251793586,/home/djn/123/ORB_SLAM2_AddSemantic/experiments/final_paper/03_temporal_continuity/Semantic/fr3_walking_rpy/run_02
P3,Semantic,fr3_walking_rpy,run_03,exit_0,completed,1,485,8,4056ff6b48f2d110ae41790271084e7133312ed9e52e06bc19c21ca65359fefd,scripts/evaluate_tum_metrics.py,0.02,single SE(3) Umeyama/SVD alignment for ATE; RPE computed from unaligned consecutive relative poses,/home/djn/datasets/TUMRGBD/rgbd_dataset_freiburg3_walking_rpy/groundtruth.txt,0.6952817735415823,0.6343777741003456,0.6449631723786516,0.10677325938902885,2.23576132943736,/home/djn/123/ORB_SLAM2_AddSemantic/experiments/final_paper/03_temporal_continuity/Semantic/fr3_walking_rpy/run_03
P3,Semantic,fr3_walking_rpy,run_04,exit_0,completed,1,609,8,7506dc3ed669c6d176bc2ec7b616d44a2c5fc281378ced7152ebe9742f46a316,scripts/evaluate_tum_metrics.py,0.02,single SE(3) Umeyama/SVD alignment for ATE; RPE computed from unaligned consecutive relative poses,/home/djn/datasets/TUMRGBD/rgbd_dataset_freiburg3_walking_rpy/groundtruth.txt,0.8224248418529649,0.7170754905710527,0.7141686744399802,0.11320298393720912,2.355945566730208,/home/djn/123/ORB_SLAM2_AddSemantic/experiments/final_paper/03_temporal_continuity/Semantic/fr3_walking_rpy/run_04
P3,Semantic,fr3_walking_rpy,run_05,exit_0,completed,1,389,8,ee4d6197f99408562d3e5f4715daf50468fd6535fe0dd3f070f9f50b81837d01,scripts/evaluate_tum_metrics.py,0.02,single SE(3) Umeyama/SVD alignment for ATE; RPE computed from unaligned consecutive relative poses,/home/djn/datasets/TUMRGBD/rgbd_dataset_freiburg3_walking_rpy/groundtruth.txt,0.7429364968898228,0.7094550481356072,0.7145939288765439,0.12243949098135998,2.565284951137458,/home/djn/123/ORB_SLAM2_AddSemantic/experiments/final_paper/03_temporal_continuity/Semantic/fr3_walking_rpy/run_05
P3,Semantic,fr3_walking_halfsphere,run_01,exit_0,completed,1,633,8,edd3898024749318ea79b582ae19c87813093c6b8e26f6ca2e4d6941253c29d3,scripts/evaluate_tum_metrics.py,0.02,single SE(3) Umeyama/SVD alignment for ATE; RPE computed from unaligned consecutive relative poses,/home/djn/datasets/TUMRGBD/rgbd_dataset_freiburg3_walking_halfsphere/groundtruth.txt,0.18124834016794103,0.1413222707607055,0.10466727027827843,0.027987858717561903,0.6203179456093819,/home/djn/123/ORB_SLAM2_AddSemantic/experiments/final_paper/03_temporal_continuity/Semantic/fr3_walking_halfsphere/run_01
P3,Semantic,fr3_walking_halfsphere,run_02,exit_0,completed,1,933,8,8fe0366fd34179aefd0b8d49df758c867aed4e0cdbfa916e61d2bf551129892f,scripts/evaluate_tum_metrics.py,0.02,single SE(3) Umeyama/SVD alignment for ATE; RPE computed from unaligned consecutive relative poses,/home/djn/datasets/TUMRGBD/rgbd_dataset_freiburg3_walking_halfsphere/groundtruth.txt,0.6400521259279064,0.615083798444354,0.6161294291380948,0.020573277231431063,0.5152506628262215,/home/djn/123/ORB_SLAM2_AddSemantic/experiments/final_paper/03_temporal_continuity/Semantic/fr3_walking_halfsphere/run_02
P3,Semantic,fr3_walking_halfsphere,run_03,exit_0,completed,1,685,8,7ca793cdd960bf4e3fa4d993ee28d13a1d2dd00e05090869348dc60078e56e52,scripts/evaluate_tum_metrics.py,0.02,single SE(3) Umeyama/SVD alignment for ATE; RPE computed from unaligned consecutive relative poses,/home/djn/datasets/TUMRGBD/rgbd_dataset_freiburg3_walking_halfsphere/groundtruth.txt,0.46111135554680416,0.43972726807126733,0.4263744265988776,0.06145680536494336,1.1378286813347158,/home/djn/123/ORB_SLAM2_AddSemantic/experiments/final_paper/03_temporal_continuity/Semantic/fr3_walking_halfsphere/run_03
P3,Semantic,fr3_walking_halfsphere,run_04,exit_0,completed,1,550,8,a1baa6f2dca0cd57644f8770f8ff620453c6ea630e14570a8de00b753a485f7b,scripts/evaluate_tum_metrics.py,0.02,single SE(3) Umeyama/SVD alignment for ATE; RPE computed from unaligned consecutive relative poses,/home/djn/datasets/TUMRGBD/rgbd_dataset_freiburg3_walking_halfsphere/groundtruth.txt,0.25222416789891183,0.22449050339829754,0.19957952685145627,0.03388867558959434,0.7298689628754569,/home/djn/123/ORB_SLAM2_AddSemantic/experiments/final_paper/03_temporal_continuity/Semantic/fr3_walking_halfsphere/run_04
P3,Semantic,fr3_walking_halfsphere,run_05,exit_0,completed,1,524,8,80ea49d9af1ea162344af6feaf989286fbf4e362fe5a5c4471c3464c2b10a51c,scripts/evaluate_tum_metrics.py,0.02,single SE(3) Umeyama/SVD alignment for ATE; RPE computed from unaligned consecutive relative poses,/home/djn/datasets/TUMRGBD/rgbd_dataset_freiburg3_walking_halfsphere/groundtruth.txt,0.1122428280469151,0.07141979048243777,0.04538179948648442,0.03476442575059193,0.7913423852628638,/home/djn/123/ORB_SLAM2_AddSemantic/experiments/final_paper/03_temporal_continuity/Semantic/fr3_walking_halfsphere/run_05
P3,Temporal,fr3_walking_xyz,run_01,exit_0,completed,1,827,8,cfc8f5069e0255ee4a1bf0171e6eb7e5ac944d978af81414b2c4a825349b5692,scripts/evaluate_tum_metrics.py,0.02,single SE(3) Umeyama/SVD alignment for ATE; RPE computed from unaligned consecutive relative poses,/home/djn/datasets/TUMRGBD/rgbd_dataset_freiburg3_walking_xyz/groundtruth.txt,0.5720631491045588,0.5089196973493727,0.4767344111911871,0.020542718256912187,0.5048226361908624,/home/djn/123/ORB_SLAM2_AddSemantic/experiments/final_paper/03_temporal_continuity/Temporal/fr3_walking_xyz/run_01
P3,Temporal,fr3_walking_xyz,run_02,exit_0,completed,1,827,8,b8acdd0392a2e7c93a41230a2617259d5fbe6af8e07ac646f992ca100ad5cc55,scripts/evaluate_tum_metrics.py,0.02,single SE(3) Umeyama/SVD alignment for ATE; RPE computed from unaligned consecutive relative poses,/home/djn/datasets/TUMRGBD/rgbd_dataset_freiburg3_walking_xyz/groundtruth.txt,0.5023718318228437,0.44853699916943857,0.4173464044604561,0.020253178535755482,0.5080827696483365,/home/djn/123/ORB_SLAM2_AddSemantic/experiments/final_paper/03_temporal_continuity/Temporal/fr3_walking_xyz/run_02
P3,Temporal,fr3_walking_xyz,run_03,exit_0,completed,1,827,8,02d57a2572e0621b2c2cac6cc80110100713e36b0d63e5a9bb40bf6b2d24b64d,scripts/evaluate_tum_metrics.py,0.02,single SE(3) Umeyama/SVD alignment for ATE; RPE computed from unaligned consecutive relative poses,/home/djn/datasets/TUMRGBD/rgbd_dataset_freiburg3_walking_xyz/groundtruth.txt,0.5832277883282138,0.5063253627108735,0.4947403418900819,0.020547524908242448,0.5079271955603684,/home/djn/123/ORB_SLAM2_AddSemantic/experiments/final_paper/03_temporal_continuity/Temporal/fr3_walking_xyz/run_03
P3,Temporal,fr3_walking_xyz,run_04,exit_0,completed,1,827,8,380eefefa6a3fd46b586c64b85a3f51059c5a83d9befb1890978453b46465dd6,scripts/evaluate_tum_metrics.py,0.02,single SE(3) Umeyama/SVD alignment for ATE; RPE computed from unaligned consecutive relative poses,/home/djn/datasets/TUMRGBD/rgbd_dataset_freiburg3_walking_xyz/groundtruth.txt,0.5599440680786867,0.4927915503850902,0.49504455352051513,0.019632348814842583,0.49331210461773045,/home/djn/123/ORB_SLAM2_AddSemantic/experiments/final_paper/03_temporal_continuity/Temporal/fr3_walking_xyz/run_04
P3,Temporal,fr3_walking_xyz,run_05,exit_0,completed,1,827,8,cd34e430b423451f5c1acd8923ac2f5d832c003ec10124b71379720e83bdec60,scripts/evaluate_tum_metrics.py,0.02,single SE(3) Umeyama/SVD alignment for ATE; RPE computed from unaligned consecutive relative poses,/home/djn/datasets/TUMRGBD/rgbd_dataset_freiburg3_walking_xyz/groundtruth.txt,0.6043713440766867,0.5321792193129655,0.49031801288792265,0.020088703583441433,0.5015226824977876,/home/djn/123/ORB_SLAM2_AddSemantic/experiments/final_paper/03_temporal_continuity/Temporal/fr3_walking_xyz/run_05
P3,Temporal,fr3_walking_rpy,run_01,exit_0,completed,1,420,8,5e7a61a087ca9a2670e13428082596b82f6747f685724f6d021efd0dcdac70ee,scripts/evaluate_tum_metrics.py,0.02,single SE(3) Umeyama/SVD alignment for ATE; RPE computed from unaligned consecutive relative poses,/home/djn/datasets/TUMRGBD/rgbd_dataset_freiburg3_walking_rpy/groundtruth.txt,0.7540350381472647,0.7197853929480033,0.7391932048891046,0.12378508526538783,2.613485396318868,/home/djn/123/ORB_SLAM2_AddSemantic/experiments/final_paper/03_temporal_continuity/Temporal/fr3_walking_rpy/run_01
P3,Temporal,fr3_walking_rpy,run_02,exit_0,completed,1,593,8,3a28f6fa032a672108febeae1015da7c28611d906b0da48b50d9cec60095a5bc,scripts/evaluate_tum_metrics.py,0.02,single SE(3) Umeyama/SVD alignment for ATE; RPE computed from unaligned consecutive relative poses,/home/djn/datasets/TUMRGBD/rgbd_dataset_freiburg3_walking_rpy/groundtruth.txt,0.8849504428586588,0.7701453641092113,0.8220401672763871,0.1131004389818886,2.42806815592258,/home/djn/123/ORB_SLAM2_AddSemantic/experiments/final_paper/03_temporal_continuity/Temporal/fr3_walking_rpy/run_02
P3,Temporal,fr3_walking_rpy,run_03,exit_0,completed,1,102,8,250863ad5db78bab601d2bd5d00627ec142bfee6e1c21d67b5f719c07e66889a,scripts/evaluate_tum_metrics.py,0.02,single SE(3) Umeyama/SVD alignment for ATE; RPE computed from unaligned consecutive relative poses,/home/djn/datasets/TUMRGBD/rgbd_dataset_freiburg3_walking_rpy/groundtruth.txt,0.019922518521289862,0.01759378480818343,0.014766126140722341,0.0170711049220217,0.4683417108793379,/home/djn/123/ORB_SLAM2_AddSemantic/experiments/final_paper/03_temporal_continuity/Temporal/fr3_walking_rpy/run_03
P3,Temporal,fr3_walking_rpy,run_04,exit_0,completed,1,624,8,9ef9a07a44dacc48e6a2192153781cadcf80f5396e1856585f39098dcc967ad1,scripts/evaluate_tum_metrics.py,0.02,single SE(3) Umeyama/SVD alignment for ATE; RPE computed from unaligned consecutive relative poses,/home/djn/datasets/TUMRGBD/rgbd_dataset_freiburg3_walking_rpy/groundtruth.txt,0.6705876337435474,0.5850571010449469,0.428855142610332,0.10484759176962791,2.279460981707007,/home/djn/123/ORB_SLAM2_AddSemantic/experiments/final_paper/03_temporal_continuity/Temporal/fr3_walking_rpy/run_04
P3,Temporal,fr3_walking_rpy,run_05,exit_0,completed,1,495,8,b883794ce07524dd275eb96d1e9bb4832da3e78143a0caf836fe18e8e090082a,scripts/evaluate_tum_metrics.py,0.02,single SE(3) Umeyama/SVD alignment for ATE; RPE computed from unaligned consecutive relative poses,/home/djn/datasets/TUMRGBD/rgbd_dataset_freiburg3_walking_rpy/groundtruth.txt,0.7352373198973895,0.6636695315037697,0.5031623364579877,0.0284546659091875,0.6471333122547289,/home/djn/123/ORB_SLAM2_AddSemantic/experiments/final_paper/03_temporal_continuity/Temporal/fr3_walking_rpy/run_05
P3,Temporal,fr3_walking_halfsphere,run_01,exit_0,completed,1,456,8,198dac1b0f47968bd06ee819aa85f5cb019779764782f78fb1993627d1a2d574,scripts/evaluate_tum_metrics.py,0.02,single SE(3) Umeyama/SVD alignment for ATE; RPE computed from unaligned consecutive relative poses,/home/djn/datasets/TUMRGBD/rgbd_dataset_freiburg3_walking_halfsphere/groundtruth.txt,0.2135283034263479,0.1867526573763329,0.1467188765314582,0.021328241640046652,0.5415001083326002,/home/djn/123/ORB_SLAM2_AddSemantic/experiments/final_paper/03_temporal_continuity/Temporal/fr3_walking_halfsphere/run_01
P3,Temporal,fr3_walking_halfsphere,run_02,exit_0,completed,1,591,8,edf6d7139be397dfcdd051d5f1de9ceba65498e074783d17f29b67a379a948d2,scripts/evaluate_tum_metrics.py,0.02,single SE(3) Umeyama/SVD alignment for ATE; RPE computed from unaligned consecutive relative poses,/home/djn/datasets/TUMRGBD/rgbd_dataset_freiburg3_walking_halfsphere/groundtruth.txt,0.18242309890481548,0.14730403709055126,0.1096692742186867,0.026056744955009266,0.5741521889734291,/home/djn/123/ORB_SLAM2_AddSemantic/experiments/final_paper/03_temporal_continuity/Temporal/fr3_walking_halfsphere/run_02
P3,Temporal,fr3_walking_halfsphere,run_03,exit_0,completed,1,680,8,4e1bcf260a5cab1b5602ca37620e5794430e40729e6cca4cd1799422e7676646,scripts/evaluate_tum_metrics.py,0.02,single SE(3) Umeyama/SVD alignment for ATE; RPE computed from unaligned consecutive relative poses,/home/djn/datasets/TUMRGBD/rgbd_dataset_freiburg3_walking_halfsphere/groundtruth.txt,0.5040703871023717,0.4853685715408376,0.4386139067713305,0.05333018058058846,1.0173723334575167,/home/djn/123/ORB_SLAM2_AddSemantic/experiments/final_paper/03_temporal_continuity/Temporal/fr3_walking_halfsphere/run_03
P3,Temporal,fr3_walking_halfsphere,run_04,exit_0,completed,1,540,8,2eb67d67c8e3a66bb2b765b48f2d5ab753f92b26aa436c4e89d3aebfe0f60445,scripts/evaluate_tum_metrics.py,0.02,single SE(3) Umeyama/SVD alignment for ATE; RPE computed from unaligned consecutive relative poses,/home/djn/datasets/TUMRGBD/rgbd_dataset_freiburg3_walking_halfsphere/groundtruth.txt,0.19204610184735652,0.15407259234983395,0.15100674745076212,0.04339149917791565,0.9930324623090584,/home/djn/123/ORB_SLAM2_AddSemantic/experiments/final_paper/03_temporal_continuity/Temporal/fr3_walking_halfsphere/run_04
P3,Temporal,fr3_walking_halfsphere,run_05,exit_0,completed,1,925,8,c3d369c48bfabd4134501466d413bf6a6ad8b82af4bb8db3a37b25d2795d3288,scripts/evaluate_tum_metrics.py,0.02,single SE(3) Umeyama/SVD alignment for ATE; RPE computed from unaligned consecutive relative poses,/home/djn/datasets/TUMRGBD/rgbd_dataset_freiburg3_walking_halfsphere/groundtruth.txt,0.5170462620321599,0.4939254556253959,0.4680003745124707,0.02216929318967652,0.5276841171562616,/home/djn/123/ORB_SLAM2_AddSemantic/experiments/final_paper/03_temporal_continuity/Temporal/fr3_walking_halfsphere/run_05
