method,sequence,run_id,original_status,raw_process_status,experiment_completion_status,exit_code,association_total_frames,trajectory_valid_poses,ATE_RMSE,ATE_mean,ATE_median,ATE_std,RPE_translation_RMSE,RPE_rotation_RMSE,TSR,PMR,tracking_gap_episodes,Tracking_FPS,EndToEnd_FPS,runtime_seconds,has_legal_evaluation,source,run_dir
ORB-SLAM2,fr3_walking_xyz,run_01,success,exit_0,completed,,827,542,0.654715370,0.610356374,0.607231020,0.236890929,0.028563369,0.679756114,0.655380895,0.344619105,1,25.840594540,9.498146949,87.069615200,1,P2 new,/home/djn/123/ORB_SLAM2_AddSemantic/experiments/final_paper/02_tum_comparison/ORB-SLAM2/fr3_walking_xyz/run_01
ORB-SLAM2,fr3_walking_xyz,run_02,success,exit_0,completed,,827,530,0.693025272,0.647791567,0.669275250,0.246272439,0.029324029,0.694012784,0.640870617,0.359129383,1,27.969055038,11.137696998,74.252334229,1,P2 new,/home/djn/123/ORB_SLAM2_AddSemantic/experiments/final_paper/02_tum_comparison/ORB-SLAM2/fr3_walking_xyz/run_02
ORB-SLAM2,fr3_walking_xyz,run_03,success,exit_0,completed,,827,662,1.037182347,0.861072907,0.707710989,0.578187401,0.029534490,0.671741826,0.800483676,0.199516324,1,26.829359905,7.717524737,107.158710622,1,P2 new,/home/djn/123/ORB_SLAM2_AddSemantic/experiments/final_paper/02_tum_comparison/ORB-SLAM2/fr3_walking_xyz/run_03
ORB-SLAM2,fr3_walking_xyz,run_04,success,exit_0,completed,,827,666,1.115352222,0.929475345,0.750496125,0.616511283,0.035310569,0.796633391,0.805320435,0.194679565,1,27.522885279,8.899211844,92.929577866,1,P2 new,/home/djn/123/ORB_SLAM2_AddSemantic/experiments/final_paper/02_tum_comparison/ORB-SLAM2/fr3_walking_xyz/run_04
ORB-SLAM2,fr3_walking_xyz,run_05,success,exit_0,completed,,827,535,0.675369918,0.632685911,0.648241140,0.236290211,0.028443138,0.678896500,0.646916566,0.353083434,1,28.146338443,10.090139275,81.961207613,1,P2 new,/home/djn/123/ORB_SLAM2_AddSemantic/experiments/final_paper/02_tum_comparison/ORB-SLAM2/fr3_walking_xyz/run_05
ORB-SLAM2,fr3_walking_rpy,run_01,success,exit_0,completed,,866,866,1.316399622,1.118884475,1.088450946,0.693545597,0.025672926,0.608743685,1.000000000,0.000000000,0,28.701734446,16.045192394,53.972553196,1,P2 new,/home/djn/123/ORB_SLAM2_AddSemantic/experiments/final_paper/02_tum_comparison/ORB-SLAM2/fr3_walking_rpy/run_01
ORB-SLAM2,fr3_walking_rpy,run_02,success,exit_0,completed,,866,866,1.322081009,1.118285258,1.076077099,0.705220728,0.027854489,0.647438991,1.000000000,0.000000000,0,26.500736720,16.055874342,53.936645341,1,P2 new,/home/djn/123/ORB_SLAM2_AddSemantic/experiments/final_paper/02_tum_comparison/ORB-SLAM2/fr3_walking_rpy/run_02
ORB-SLAM2,fr3_walking_rpy,run_03,success,exit_0,completed,,866,856,1.139628837,0.943252120,0.927450761,0.639554004,0.097713880,2.073245938,0.988452656,0.011547344,1,25.630444868,15.543303436,55.715311972,1,P2 new,/home/djn/123/ORB_SLAM2_AddSemantic/experiments/final_paper/02_tum_comparison/ORB-SLAM2/fr3_walking_rpy/run_03
ORB-SLAM2,fr3_walking_rpy,run_04,success,exit_0,completed,,866,850,0.979732812,0.869705046,0.894132868,0.451098123,0.116337674,2.331641881,0.981524249,0.018475751,2,27.691089284,16.257343882,53.268234116,1,P2 new,/home/djn/123/ORB_SLAM2_AddSemantic/experiments/final_paper/02_tum_comparison/ORB-SLAM2/fr3_walking_rpy/run_04
ORB-SLAM2,fr3_walking_rpy,run_05,success,exit_0,completed,,866,858,1.063800972,0.873594635,0.793803795,0.607046063,0.091648605,1.887034623,0.990762125,0.009237875,1,27.261252764,16.340648217,52.996673601,1,P2 new,/home/djn/123/ORB_SLAM2_AddSemantic/experiments/final_paper/02_tum_comparison/ORB-SLAM2/fr3_walking_rpy/run_05
ORB-SLAM2,fr3_walking_halfsphere,run_01,success,exit_0,completed,,1021,759,0.620568075,0.567025076,0.592107004,0.252165220,0.031703747,0.761863881,0.743388834,0.256611166,2,27.259469258,13.481377017,75.734103330,1,P2 new,/home/djn/123/ORB_SLAM2_AddSemantic/experiments/final_paper/02_tum_comparison/ORB-SLAM2/fr3_walking_halfsphere/run_01
ORB-SLAM2,fr3_walking_halfsphere,run_02,success,exit_0,completed,,1021,812,0.730542890,0.623579417,0.591950248,0.380580642,0.046508726,1.027446411,0.795298727,0.204701273,4,25.494725141,16.064800954,63.555098064,1,P2 new,/home/djn/123/ORB_SLAM2_AddSemantic/experiments/final_paper/02_tum_comparison/ORB-SLAM2/fr3_walking_halfsphere/run_02
ORB-SLAM2,fr3_walking_halfsphere,run_03,success,exit_0,completed,,1021,892,0.579766061,0.500204918,0.488150702,0.293127490,0.028690705,0.712443472,0.873653281,0.126346719,2,24.706731102,9.607624263,106.269767846,1,P2 new,/home/djn/123/ORB_SLAM2_AddSemantic/experiments/final_paper/02_tum_comparison/ORB-SLAM2/fr3_walking_halfsphere/run_03
ORB-SLAM2,fr3_walking_halfsphere,run_04,success,exit_0,completed,,1021,764,0.712555404,0.609173213,0.601474585,0.369652812,0.050657597,1.126732677,0.748285994,0.251714006,5,26.561694849,12.522934611,81.530410537,1,P2 new,/home/djn/123/ORB_SLAM2_AddSemantic/experiments/final_paper/02_tum_comparison/ORB-SLAM2/fr3_walking_halfsphere/run_04
ORB-SLAM2,fr3_walking_halfsphere,run_05,success,exit_0,completed,,1021,781,0.578875807,0.535201699,0.516612341,0.220581827,0.055021345,1.448159358,0.764936337,0.235063663,7,25.687526651,16.056781276,63.586841128,1,P2 new,/home/djn/123/ORB_SLAM2_AddSemantic/experiments/final_paper/02_tum_comparison/ORB-SLAM2/fr3_walking_halfsphere/run_05
Semantic,fr3_walking_xyz,run_01,success,exit_0,completed,,827,827,0.447310530,0.408417255,0.400465781,0.182433705,0.019787037,0.491243734,1.000000000,0.000000000,0,9.878201772,7.243791000,114.166739484,1,P2 new,/home/djn/123/ORB_SLAM2_AddSemantic/experiments/final_paper/02_tum_comparison/Semantic/fr3_walking_xyz/run_01
Semantic,fr3_walking_xyz,run_02,success,exit_0,completed,,827,827,0.499782882,0.437563373,0.410214366,0.241497875,0.019788354,0.494397174,1.000000000,0.000000000,0,9.855712371,7.442776523,111.114447330,1,P2 new,/home/djn/123/ORB_SLAM2_AddSemantic/experiments/final_paper/02_tum_comparison/Semantic/fr3_walking_xyz/run_02
Semantic,fr3_walking_xyz,run_03,success,exit_0,completed,,827,827,0.566867579,0.486040691,0.410916372,0.291724697,0.020190868,0.509234360,1.000000000,0.000000000,0,9.799694250,7.392759654,111.866209475,1,P2 new,/home/djn/123/ORB_SLAM2_AddSemantic/experiments/final_paper/02_tum_comparison/Semantic/fr3_walking_xyz/run_03
Semantic,fr3_walking_xyz,run_04,success,exit_0,completed,,827,827,0.556619812,0.493613619,0.456508146,0.257237652,0.021545557,0.508474143,1.000000000,0.000000000,0,9.405302710,7.197290363,114.904354042,1,P2 new,/home/djn/123/ORB_SLAM2_AddSemantic/experiments/final_paper/02_tum_comparison/Semantic/fr3_walking_xyz/run_04
Semantic,fr3_walking_xyz,run_05,success,exit_0,completed,,827,827,0.453798682,0.397222349,0.356024682,0.219425726,0.021650915,0.512875944,1.000000000,0.000000000,0,9.301373813,7.142852213,115.780079914,1,P2 new,/home/djn/123/ORB_SLAM2_AddSemantic/experiments/final_paper/02_tum_comparison/Semantic/fr3_walking_xyz/run_05
Semantic,fr3_walking_rpy,run_01,success,exit_0,completed,,866,393,0.748927751,0.717733991,0.752005196,0.213894119,0.113550080,2.385569603,0.453810624,0.546189376,5,3.652968037,3.200455051,270.586521670,1,P2 new,/home/djn/123/ORB_SLAM2_AddSemantic/experiments/final_paper/02_tum_comparison/Semantic/fr3_walking_rpy/run_01
Semantic,fr3_walking_rpy,run_02,success,exit_0,completed,,866,607,0.784735315,0.684131343,0.647964624,0.384413605,0.105804634,2.226191235,0.700923788,0.299076212,5,3.622374684,3.225196391,268.510780426,1,P2 new,/home/djn/123/ORB_SLAM2_AddSemantic/experiments/final_paper/02_tum_comparison/Semantic/fr3_walking_rpy/run_02
Semantic,fr3_walking_rpy,run_03,success,exit_0,completed,,866,604,0.744157911,0.646382880,0.599270924,0.368727771,0.110475452,2.285256191,0.697459584,0.302540416,5,3.606905059,3.213241776,269.509753835,1,P2 new,/home/djn/123/ORB_SLAM2_AddSemantic/experiments/final_paper/02_tum_comparison/Semantic/fr3_walking_rpy/run_03
Semantic,fr3_walking_rpy,run_04,success,exit_0,completed,,866,582,0.693139616,0.606570557,0.481523710,0.335432090,0.035131907,0.685880981,0.672055427,0.327944573,3,3.606280698,3.217190692,269.178946135,1,P2 new,/home/djn/123/ORB_SLAM2_AddSemantic/experiments/final_paper/02_tum_comparison/Semantic/fr3_walking_rpy/run_04
Semantic,fr3_walking_rpy,run_05,success,exit_0,completed,,866,606,0.775076461,0.672881488,0.583533726,0.384673918,0.114141814,2.369042028,0.699769053,0.300230947,8,3.614100776,3.232375843,267.914389336,1,P2 new,/home/djn/123/ORB_SLAM2_AddSemantic/experiments/final_paper/02_tum_comparison/Semantic/fr3_walking_rpy/run_05
Semantic,fr3_walking_halfsphere,run_01,success,exit_0,completed,,1021,618,0.202229602,0.149976245,0.101441564,0.135661114,0.039214027,0.848992210,0.605288932,0.394711068,9,9.615569530,7.171132997,142.376386053,1,P2 new,/home/djn/123/ORB_SLAM2_AddSemantic/experiments/final_paper/02_tum_comparison/Semantic/fr3_walking_halfsphere/run_01
Semantic,fr3_walking_halfsphere,run_02,success,exit_0,completed,,1021,578,0.541291824,0.520017697,0.529201850,0.150261217,0.033546908,0.717533958,0.566111655,0.433888345,2,9.598679222,7.422406810,137.556459271,1,P2 new,/home/djn/123/ORB_SLAM2_AddSemantic/experiments/final_paper/02_tum_comparison/Semantic/fr3_walking_halfsphere/run_02
Semantic,fr3_walking_halfsphere,run_03,success,exit_0,completed,,1021,645,0.491000310,0.478276888,0.452846685,0.111051890,0.027569004,0.622317054,0.631733595,0.368266405,12,9.553653317,7.414351917,137.705899501,1,P2 new,/home/djn/123/ORB_SLAM2_AddSemantic/experiments/final_paper/02_tum_comparison/Semantic/fr3_walking_halfsphere/run_03
Semantic,fr3_walking_halfsphere,run_04,success,exit_0,completed,,1021,556,0.143008205,0.073173047,0.039537116,0.122870060,0.041278268,0.939012439,0.544564153,0.455435847,11,9.287896941,7.252219973,140.784477553,1,P2 new,/home/djn/123/ORB_SLAM2_AddSemantic/experiments/final_paper/02_tum_comparison/Semantic/fr3_walking_halfsphere/run_04
Semantic,fr3_walking_halfsphere,run_05,success,exit_0,completed,,1021,700,0.268801956,0.233401887,0.175274603,0.133334357,0.027977523,0.641263907,0.685602351,0.314397649,4,9.384912814,7.344368158,139.018085428,1,P2 new,/home/djn/123/ORB_SLAM2_AddSemantic/experiments/final_paper/02_tum_comparison/Semantic/fr3_walking_halfsphere/run_05
Temporal,fr3_walking_xyz,run_01,success,exit_0,completed,,827,827,0.428491130,0.359169713,0.324245045,0.233670208,0.019556110,0.498853949,1.000000000,0.000000000,0,8.870989204,6.470675719,127.807362934,1,P2 new,/home/djn/123/ORB_SLAM2_AddSemantic/experiments/final_paper/02_tum_comparison/Temporal/fr3_walking_xyz/run_01
Temporal,fr3_walking_xyz,run_02,success,exit_0,completed,,827,827,0.573194737,0.512463957,0.481690074,0.256774023,0.021135630,0.509034890,1.000000000,0.000000000,0,8.978756263,6.745474809,122.600709875,1,P2 new,/home/djn/123/ORB_SLAM2_AddSemantic/experiments/final_paper/02_tum_comparison/Temporal/fr3_walking_xyz/run_02
Temporal,fr3_walking_xyz,run_03,success,exit_0,completed,,827,827,0.612377708,0.544198573,0.524803575,0.280810204,0.020226514,0.504178673,1.000000000,0.000000000,0,9.126752336,6.688973230,123.636314805,1,P2 new,/home/djn/123/ORB_SLAM2_AddSemantic/experiments/final_paper/02_tum_comparison/Temporal/fr3_walking_xyz/run_03
Temporal,fr3_walking_xyz,run_04,success,exit_0,completed,,827,827,0.553838291,0.482286482,0.473869494,0.272280374,0.020067029,0.511512081,1.000000000,0.000000000,0,9.140934935,6.947631676,119.033368280,1,P2 new,/home/djn/123/ORB_SLAM2_AddSemantic/experiments/final_paper/02_tum_comparison/Temporal/fr3_walking_xyz/run_04
Temporal,fr3_walking_xyz,run_05,success,exit_0,completed,,827,827,0.643438336,0.571488282,0.557126552,0.295658648,0.021329800,0.510813063,1.000000000,0.000000000,0,9.102494083,6.904663772,119.774116071,1,P2 new,/home/djn/123/ORB_SLAM2_AddSemantic/experiments/final_paper/02_tum_comparison/Temporal/fr3_walking_xyz/run_05
Temporal,fr3_walking_rpy,run_01,success,exit_0,completed,,866,384,0.760188048,0.720617043,0.775697356,0.242068060,0.118553730,2.526074413,0.443418014,0.556581986,3,3.544377377,3.115278266,277.984798149,1,P2 new,/home/djn/123/ORB_SLAM2_AddSemantic/experiments/final_paper/02_tum_comparison/Temporal/fr3_walking_rpy/run_01
Temporal,fr3_walking_rpy,run_02,success,exit_0,completed,,866,537,0.775252103,0.600666673,0.413286711,0.490117711,0.128376696,2.599534257,0.620092379,0.379907621,8,3.581148833,3.186464003,271.774606301,1,P2 new,/home/djn/123/ORB_SLAM2_AddSemantic/experiments/final_paper/02_tum_comparison/Temporal/fr3_walking_rpy/run_02
Temporal,fr3_walking_rpy,run_03,success,exit_0,completed,,866,374,0.656908728,0.623085023,0.612564218,0.208072417,0.109740824,2.192221669,0.431870670,0.568129330,4,3.576704210,3.197246111,270.858097885,1,P2 new,/home/djn/123/ORB_SLAM2_AddSemantic/experiments/final_paper/02_tum_comparison/Temporal/fr3_walking_rpy/run_03
Temporal,fr3_walking_rpy,run_04,success,exit_0,completed,,866,419,0.809670826,0.743975292,0.866589700,0.319480219,0.143479978,2.990935025,0.483833718,0.516166282,5,3.581815837,3.194918382,271.055437548,1,P2 new,/home/djn/123/ORB_SLAM2_AddSemantic/experiments/final_paper/02_tum_comparison/Temporal/fr3_walking_rpy/run_04
Temporal,fr3_walking_rpy,run_05,success,exit_0,completed,,866,517,0.779885319,0.621131067,0.465807686,0.471611395,0.049339874,1.073171956,0.596997691,0.403002309,10,3.576832143,3.188691663,271.584741212,1,P2 new,/home/djn/123/ORB_SLAM2_AddSemantic/experiments/final_paper/02_tum_comparison/Temporal/fr3_walking_rpy/run_05
Temporal,fr3_walking_halfsphere,run_01,success,exit_0,completed,,1021,1003,0.647710344,0.628429194,0.649908450,0.156861203,0.028687489,0.680821944,0.982370225,0.017629775,1,9.109542246,6.821898654,149.665078848,1,P2 new,/home/djn/123/ORB_SLAM2_AddSemantic/experiments/final_paper/02_tum_comparison/Temporal/fr3_walking_halfsphere/run_01
Temporal,fr3_walking_halfsphere,run_02,success,exit_0,completed,,1021,669,0.527970049,0.503452646,0.461746980,0.159021400,0.030482892,0.696989505,0.655239961,0.344760039,3,9.214806351,7.124207269,143.314190819,1,P2 new,/home/djn/123/ORB_SLAM2_AddSemantic/experiments/final_paper/02_tum_comparison/Temporal/fr3_walking_halfsphere/run_02
Temporal,fr3_walking_halfsphere,run_03,success,exit_0,completed,,1021,770,0.191111619,0.140451895,0.084970468,0.129602916,0.035180210,0.738583745,0.754162586,0.245837414,6,9.164978783,7.161787186,142.562180840,1,P2 new,/home/djn/123/ORB_SLAM2_AddSemantic/experiments/final_paper/02_tum_comparison/Temporal/fr3_walking_halfsphere/run_03
Temporal,fr3_walking_halfsphere,run_04,success,exit_0,completed,,1021,511,0.205267664,0.172273645,0.128416974,0.111609164,0.030923844,0.622008536,0.500489716,0.499510284,9,9.080920079,7.083492780,144.137931900,1,P2 new,/home/djn/123/ORB_SLAM2_AddSemantic/experiments/final_paper/02_tum_comparison/Temporal/fr3_walking_halfsphere/run_04
Temporal,fr3_walking_halfsphere,run_05,success,exit_0,completed,,1021,748,0.208973013,0.165871133,0.117691214,0.127108171,0.028165097,0.689080296,0.732615083,0.267384917,7,9.072598937,7.097592017,143.851604537,1,P2 new,/home/djn/123/ORB_SLAM2_AddSemantic/experiments/final_paper/02_tum_comparison/Temporal/fr3_walking_halfsphere/run_05
Full,fr3_walking_xyz,run_01,success,exit_0,completed,0,827,827,0.502110916,0.435710279,0.424884592,0.249543433,0.020389910,0.493464017,1.000000000,0.000000000,0,9.046417166,6.693823703,123.546725567,1,P1 reuse,/home/djn/123/ORB_SLAM2_AddSemantic/experiments/final_paper/01_tum_full/fr3_walking_xyz/run_01
Full,fr3_walking_xyz,run_02,success,exit_0,completed,0,827,827,0.517861476,0.448701645,0.445726992,0.258548530,0.019272012,0.499415146,1.000000000,0.000000000,0,9.199208868,7.140240279,115.822432814,1,P1 reuse,/home/djn/123/ORB_SLAM2_AddSemantic/experiments/final_paper/01_tum_full/fr3_walking_xyz/run_02
Full,fr3_walking_xyz,run_03,success,exit_0,completed,0,827,827,0.576412738,0.510721949,0.493893085,0.267235354,0.020116826,0.508626483,1.000000000,0.000000000,0,9.168087720,7.118759817,116.171920567,1,P1 reuse,/home/djn/123/ORB_SLAM2_AddSemantic/experiments/final_paper/01_tum_full/fr3_walking_xyz/run_03
Full,fr3_walking_xyz,run_04,success,exit_0,completed,0,827,827,0.592021044,0.523913749,0.544048746,0.275686961,0.020691096,0.509550941,1.000000000,0.000000000,0,8.907257634,6.998454836,118.168941493,1,P1 reuse,/home/djn/123/ORB_SLAM2_AddSemantic/experiments/final_paper/01_tum_full/fr3_walking_xyz/run_04
Full,fr3_walking_xyz,run_05,success,exit_0,completed,0,827,827,0.506151054,0.439495390,0.435402491,0.251063123,0.019571201,0.493145073,1.000000000,0.000000000,0,9.196586227,7.158712807,115.523561616,1,P1 reuse,/home/djn/123/ORB_SLAM2_AddSemantic/experiments/final_paper/01_tum_full/fr3_walking_xyz/run_05
Full,fr3_walking_rpy,run_01,interrupted,exit_130,completed,130,866,503,0.708896839,0.583208557,0.472012706,0.402991945,0.050499343,0.948180727,0.580831409,0.419168591,8,3.605539551,3.202998608,270.371644193,1,P1 reuse,/home/djn/123/ORB_SLAM2_AddSemantic/experiments/final_paper/01_tum_full/fr3_walking_rpy/run_01
Full,fr3_walking_rpy,run_02,success,exit_0,completed,0,866,34,0.031456029,0.023655517,0.017514541,0.020733988,0.019123255,0.508197725,0.039260970,0.960739030,1,3.649168902,3.241938796,267.124105208,1,P1 reuse,/home/djn/123/ORB_SLAM2_AddSemantic/experiments/final_paper/01_tum_full/fr3_walking_rpy/run_02
Full,fr3_walking_rpy,run_03,interrupted,exit_130,completed,130,866,160,0.036663691,0.024951993,0.019029103,0.026863065,0.027178481,0.613623962,0.184757506,0.815242494,5,3.624146966,3.234662514,267.724993354,1,P1 reuse,/home/djn/123/ORB_SLAM2_AddSemantic/experiments/final_paper/01_tum_full/fr3_walking_rpy/run_03
Full,fr3_walking_rpy,run_04,success,exit_0,completed,0,866,376,0.730244286,0.693821909,0.751424578,0.227745198,0.115850294,2.444979741,0.434180139,0.565819861,4,3.618363921,3.244403612,266.921167529,1,P1 reuse,/home/djn/123/ORB_SLAM2_AddSemantic/experiments/final_paper/01_tum_full/fr3_walking_rpy/run_04
Full,fr3_walking_rpy,run_05,success,exit_0,completed,0,866,377,0.819464633,0.771095467,0.853770440,0.277369906,0.130441295,2.830684629,0.435334873,0.564665127,3,3.704183876,3.297038012,262.659998717,1,P1 reuse,/home/djn/123/ORB_SLAM2_AddSemantic/experiments/final_paper/01_tum_full/fr3_walking_rpy/run_05
Full,fr3_walking_halfsphere,run_01,success,exit_0,completed,0,1021,925,0.546453852,0.526186883,0.518847099,0.147442112,0.021610423,0.539425456,0.905974535,0.094025465,3,9.146453006,7.060669119,144.603858761,1,P1 reuse,/home/djn/123/ORB_SLAM2_AddSemantic/experiments/final_paper/01_tum_full/fr3_walking_halfsphere/run_01
Full,fr3_walking_halfsphere,run_02,success,exit_0,completed,0,1021,646,0.529430046,0.509197197,0.467411644,0.144963401,0.087763117,1.728977996,0.632713026,0.367286974,13,9.305355232,7.289371342,140.066948460,1,P1 reuse,/home/djn/123/ORB_SLAM2_AddSemantic/experiments/final_paper/01_tum_full/fr3_walking_halfsphere/run_02
Full,fr3_walking_halfsphere,run_03,success,exit_0,completed,0,1021,548,0.274866267,0.241908465,0.217024150,0.130505781,0.036169161,0.776385935,0.536728697,0.463271303,4,9.244878337,7.211606032,141.577340119,1,P1 reuse,/home/djn/123/ORB_SLAM2_AddSemantic/experiments/final_paper/01_tum_full/fr3_walking_halfsphere/run_03
Full,fr3_walking_halfsphere,run_04,success,exit_0,completed,0,1021,690,0.178973992,0.141368514,0.111941495,0.109757156,0.035149088,0.770509211,0.675808031,0.324191969,4,8.914562830,7.102305122,143.756144310,1,P1 reuse,/home/djn/123/ORB_SLAM2_AddSemantic/experiments/final_paper/01_tum_full/fr3_walking_halfsphere/run_04
Full,fr3_walking_halfsphere,run_05,success,exit_0,completed,0,1021,968,0.685452167,0.664501635,0.665248737,0.168173274,0.028724718,0.702417525,0.948090108,0.051909892,2,9.198616528,7.301643432,139.831533745,1,P1 reuse,/home/djn/123/ORB_SLAM2_AddSemantic/experiments/final_paper/01_tum_full/fr3_walking_halfsphere/run_05
